"year","month","PRCP","TMIN","TMAX","TAVG","grow.yr","PDSI","quarter"
1917,10,0,-1.6,19.3,8.9,1918,-1.07,1
1917,11,0,-6,13.4,3.7,1918,-1.8,1
1917,12,0,-8,11.8,1.9,1918,-2.65,1
1918,1,50.9,-10.7,4.6,-3.1,1918,-2.36,2
1918,2,54,-7.7,5.8,-1,1918,-2.33,2
1918,3,131.9,-4.4,8.6,2.1,1918,-1.94,2
1918,4,7.9,-3.4,12.8,4.7,1918,-2.07,3
1918,5,0,-2.5,15.6,6.6,1918,-2.41,3
1918,6,49.9,7.5,26.2,16.9,1918,-2.25,3
1918,7,93.3,8.4,24,16.2,1918,-1.71,4
1918,8,67.1,7.1,23.4,15.2,1918,-1.64,4
1918,9,22.5,4.1,22.4,13.3,1918,-2.2,4
1918,10,15.4,0,16.6,8.3,1919,-2.2,1
1918,11,40.2,-7.3,6.7,-0.3,1919,0.52,1
1918,12,66.3,-11.1,3.4,-3.9,1919,0.87,1
1919,1,0,-13.4,4.2,-4.6,1919,0.38,2
1919,2,69.9,-12,1.7,-5.1,1919,0.8,2
1919,3,42.7,-8.9,5.1,-1.9,1919,0.89,2
1919,4,17.2,-2.9,13.9,5.5,1919,0.8,3
1919,5,89.9,1.2,19,10.1,1919,1.19,3
1919,6,0,4.2,24.1,14.1,1919,1.1,3
1919,7,213,10.4,23,16.7,1919,2.95,4
1919,8,59,8.6,24.5,16.5,1919,2.27,4
1919,9,81.8,5.4,20.4,12.9,1919,2.48,4
1919,10,99.2,-3.6,11.2,3.8,1920,2.46,1
1919,11,115.9,-5.8,8.2,1.2,1920,3.31,1
1919,12,24.9,-9.9,5.6,-2.1,1920,2.81,1
1920,1,47.1,-8.5,5.1,-1.7,1920,2.97,2
1920,2,163.5,-6.4,6,-0.2,1920,4.07,2
1920,3,78.4,-7.4,6.3,-0.5,1920,4.1,2
1920,4,27.8,-5.3,8.9,1.8,1920,3.86,3
1920,5,28.7,-0.5,17.9,8.7,1920,4.35,3
1920,6,2.1,3.2,22.7,13,1920,5.1,3
1920,7,50.8,7.8,26.4,17.1,1920,4.72,4
1920,8,60.4,7.1,23.4,15.3,1920,4.21,4
1920,9,23.2,2.9,21,12,1920,3.65,4
1920,10,74.7,-3.1,13.6,5.3,1921,3.82,1
1920,11,24.6,-7,8.8,0.9,1921,-0.42,1
1920,12,25.9,-11.8,4.2,-3.8,1921,-0.98,1
1921,1,68.7,-11.1,4.8,-3.2,1921,-1.25,2
1921,2,11.9,-9.3,7.3,-1,1921,-1.86,2
1921,3,37.9,-4.8,10.5,2.8,1921,-2.45,2
1921,4,37.3,-5.6,11.8,3.1,1921,-2.54,3
1921,5,60.1,-1.5,15.7,7.1,1921,-2.88,3
1921,6,21.1,3.6,23.1,13.4,1921,-3.17,3
1921,7,125.3,9.2,24.6,16.9,1921,1.07,4
1921,8,118.6,8.9,22.6,15.8,1921,2.29,4
1921,9,47.784,5.236,23.095,14.164,1921,-0.85,4
1921,10,79.5,0.3,17.5,8.9,1922,-0.75,1
1921,11,16.5,-5.9,12.9,3.5,1922,-1.29,1
1921,12,116,-6.5,7.7,0.6,1922,0.36,1
1922,1,113,-14.2,2.3,-5.9,1922,0.71,2
1922,2,47,-10.6,4,-3.3,1922,0.43,2
1922,3,79,-9.1,8.2,-0.5,1922,0.54,2
1922,4,39.1,-6.2,9.5,1.6,1922,0.78,3
1922,5,31.2,-0.8,18.1,8.6,1922,0.95,3
1922,6,33.3,4.9,25.2,15.1,1922,1.31,3
1922,7,29.5,9.3,26.8,18.1,1922,1.24,4
1922,8,64.2,9,24.8,16.9,1922,1.5,4
1922,9,35.5,4.8,23.3,14,1922,-0.68,4
1922,10,41.4,-3.3,17.5,7.1,1923,-1.08,1
1922,11,65.1,-8.4,6.5,-1,1923,0.47,1
1922,12,49.6,-7.9,5.2,-1.4,1923,-0.44,1
1923,1,65.9,-8,7.1,-0.4,1923,-0.66,2
1923,2,58.4,-12.9,3.9,-4.5,1923,0.08,2
1923,3,59.7,-8.4,6.1,-1.1,1923,0.11,2
1923,4,23.6,-3.8,11.6,3.9,1923,0.41,3
1923,5,8.4,-0.2,18.9,9.4,1923,0.39,3
1923,6,0,0.8,22,11.4,1923,0.05,3
1923,7,102.4,8.9,25.2,17.1,1923,0.63,4
1923,8,68.6,7.6,22.4,15,1923,1.62,4
1923,9,114.1,2.1,18.9,10.5,1923,2.73,4
1923,10,8.1,-4.1,14.4,5.1,1924,2.3,1
1923,11,67.5,-5.3,8.4,1.5,1924,2.92,1
1923,12,98.7,-6.7,3.6,-1.6,1924,3.64,1
1924,1,0,-15,3.8,-5.6,1924,2.97,2
1924,2,2.1,-5.3,10.7,2.7,1924,2.06,2
1924,3,61.1,-7.4,5.9,-0.7,1924,2.25,2
1924,4,45.7,-2.5,12.7,5.1,1924,2.36,3
1924,5,0.8,1.9,20.4,11.2,1924,2.19,3
1924,6,0.8,6,27.4,16.7,1924,2,3
1924,7,73.9,10.4,26.3,18.4,1924,2.24,4
1924,8,9.4,8.9,27,17.9,1924,-1.01,4
1924,9,70.4,4.9,22.8,13.8,1924,-0.77,4
1924,10,51.9,-2.3,16.6,7.1,1925,-0.87,1
1924,11,7.4,-5.9,12.4,3.2,1925,-1.34,1
1924,12,93.4,-11.3,3.5,-3.9,1925,-0.68,1
1925,1,3.3,-14.1,4.6,-4.8,1925,-1.18,2
1925,2,22.2,-5.5,9.3,1.9,1925,-1.65,2
1925,3,30.7,-4.3,11.8,3.8,1925,-1.48,2
1925,4,51,-1.9,15.2,6.6,1925,-1.37,3
1925,5,2,2.9,21.3,12.1,1925,-1.94,3
1925,6,38.8,6.6,22.8,14.7,1925,-1.79,3
1925,7,46.6,10.9,27.3,19.1,1925,-1.73,4
1925,8,63.3,9,24.1,16.5,1925,0.29,4
1925,9,118.1,4.8,20.7,12.7,1925,0.98,4
1925,10,61,0.5,15.1,7.8,1926,1.59,1
1925,11,32.7,-5.5,9.1,1.8,1926,0.02,1
1925,12,15,-5.9,6.7,0.4,1926,-0.4,1
1926,1,5.9,-10.7,5.7,-2.5,1926,-0.89,2
1926,2,30.2,-5.8,9.2,1.7,1926,-1.38,2
1926,3,64.4,-3.6,10.1,3.3,1926,0.29,2
1926,4,81,0.9,12.4,6.7,1926,1.97,3
1926,5,19.7,1.6,18.3,10,1926,2.47,3
1926,6,2.9,5.9,26,16,1926,2.37,3
1926,7,50.4,9.1,26.5,17.8,1926,-0.13,4
1926,8,32.8,8.7,26.6,17.6,1926,-1.1,4
1926,9,32,5.9,23.2,14.6,1926,-0.68,4
1926,10,3.6,1,19,10,1927,-1.17,1
1926,11,25.9,-4.2,13.2,4.5,1927,-1.49,1
1926,12,71.9,-10.8,2.9,-3.9,1927,0.65,1
1927,1,20.9,-6.2,7.8,0.8,1927,0.1,2
1927,2,112.8,-3.6,7.6,1.9,1927,0.9,2
1927,3,34.3,-4.8,8.6,1.9,1927,0.92,2
1927,4,22.1,-1.5,14.3,6.4,1927,0.78,3
1927,5,22.9,1.6,19.6,10.6,1927,0.6,3
1927,6,30.2,5.6,23.5,14.6,1927,1.42,3
1927,7,60.8,10.4,27.9,19.1,1927,1.39,4
1927,8,112.6,9.8,24.2,17,1927,1.8,4
1927,9,117.4,6.3,20.6,13.5,1927,3.03,4
1927,10,26.6,-0.4,17.6,8.6,1928,-0.37,1
1927,11,11.2,-2.6,13.2,5.3,1928,-0.84,1
1927,12,46.9,-10.6,2.9,-3.9,1928,-0.67,1
1928,1,28.2,-11.7,7.3,-2.2,1928,-1.25,2
1928,2,48.3,-7.6,5.8,-0.9,1928,-0.55,2
1928,3,10.1,-3,11.7,4.4,1928,-0.97,2
1928,4,8.9,-2.9,14.7,5.9,1928,-0.96,3
1928,5,15.8,2.4,20.1,11.3,1928,-0.75,3
1928,6,1.3,5.4,24.9,15.1,1928,-1.14,3
1928,7,58.4,10,27.9,18.9,1928,-1.65,4
1928,8,46.4,9.8,25.6,17.7,1928,-1.94,4
1928,9,4.4,6,24.8,15.4,1928,-2.53,4
1928,10,68.4,0.4,17.4,8.9,1929,-2.09,1
1928,11,46.3,-4.6,8.6,2.1,1929,-1.59,1
1928,12,41.8,-11.4,4.7,-3.3,1929,-1.59,1
1929,1,44.8,-9.7,4.1,-2.8,1929,-1.65,2
1929,2,30.5,-11.9,3.5,-4.2,1929,-1.55,2
1929,3,54.5,-5.2,9.1,1.9,1929,-1.73,2
1929,4,67.3,-2.8,12.7,4.9,1929,-1.15,3
1929,5,9.7,1.7,19.8,10.8,1929,-1.14,3
1929,6,0,4.9,25.9,15.4,1929,-1.56,3
1929,7,138,12,25.9,19,1929,1.37,4
1929,8,76.9,10.3,25.1,17.7,1929,1.62,4
1929,9,18.9,7.8,21.9,14.9,1929,1.82,4
1929,10,3.6,-0.3,17.6,8.6,1930,-0.38,1
1929,11,2.1,-6.9,12.4,2.7,1930,-0.79,1
1929,12,0.3,-8.3,12.2,2,1930,-1.65,1
1930,1,74.4,-10.3,2.2,-4.1,1930,-1.29,2
1930,2,26.9,-6.8,10.1,1.6,1930,-1.9,2
1930,3,57.6,-5.2,9,1.9,1930,-1.68,2
1930,4,36.3,0.3,17,8.6,1930,-1.78,3
1930,5,18.7,-0.5,15.4,7.4,1930,-1.75,3
1930,6,4.6,5.7,26.7,16.2,1930,-2.12,3
1930,7,153.9,10.7,25.4,18.1,1930,0.8,4
1930,8,48.3,9.4,25.1,17.3,1930,-0.08,4
1930,9,52.4,4.9,21.6,13.2,1930,-0.26,4
1930,10,3.3,-1.8,16.1,7.2,1931,-0.77,1
1930,11,64.8,-7.1,9.6,1.2,1931,0.79,1
1930,12,2.8,-10.5,6.4,-2.1,1931,-0.6,1
1931,1,12,-10.4,6.5,-1.9,1931,-1.02,2
1931,2,53.3,-4.2,6.2,1,1931,0.61,2
1931,3,6.4,-4.9,12.2,3.6,1931,0.13,2
1931,4,37.8,-0.4,16,7.8,1931,0.58,3
1931,5,8.4,1.5,20.6,11.1,1931,0.62,3
1931,6,24.4,6.5,24.4,15.5,1931,0.82,3
1931,7,69,11.8,28.9,20.4,1931,0.99,4
1931,8,90.6,10.2,25.5,17.9,1931,1.14,4
1931,9,52.9,7.2,22.2,14.7,1931,1.09,4
1931,10,36.3,0,17.5,8.8,1932,0.78,1
1931,11,65.2,-6.1,6.6,0.2,1932,2.19,1
1931,12,60.6,-12.9,2.7,-5.1,1932,2.27,1
1932,1,31.6,-14.8,1.2,-6.8,1932,2.2,2
1932,2,135.9,-7.6,5.6,-1,1932,2.99,2
1932,3,11.2,-5.1,10.6,2.8,1932,2.44,2
1932,4,33.5,-2.5,14.9,6.2,1932,2.29,3
1932,5,17.5,1,18.4,9.7,1932,2.71,3
1932,6,14.4,5,24.5,14.8,1932,3.08,3
1932,7,60.3,10.6,27.3,19,1932,3.37,4
1932,8,105,10.1,26.4,18.2,1932,-0.07,4
1932,9,38.9,4.4,24.4,14.4,1932,-0.54,4
1932,10,64.8,0,16.5,8.2,1933,-0.5,1
1932,11,0,-5,14.3,4.6,1933,-1.25,1
1932,12,45.2,-13.8,2.5,-5.6,1933,-0.92,1
1933,1,52.3,-12.1,2.2,-5,1933,-0.77,2
1933,2,23.2,-15.2,2.4,-6.4,1933,-0.82,2
1933,3,1.5,-5.3,11.5,3.1,1933,-1.5,2
1933,4,28.8,-4.2,12,3.9,1933,0.14,3
1933,5,16.8,-0.7,16.3,7.8,1933,-0.12,3
1933,6,26.4,6.3,25.5,15.9,1933,-0.21,3
1933,7,79.4,11.7,27.6,19.7,1933,0.38,4
1933,8,48.2,9.9,26.8,18.4,1933,0.08,4
1933,9,28.5,8.1,25.1,16.6,1933,0.17,4
1933,10,55.6,2.2,18.8,10.5,1934,0.51,1
1933,11,19.8,-6,13.4,3.7,1934,0.47,1
1933,12,15.8,-6.6,9.9,1.6,1934,-0.61,1
1934,1,15.1,-8.1,8.1,0.1,1934,-1.19,2
1934,2,20.4,-4.2,10.2,3,1934,-1.59,2
1934,3,10.1,-2.4,16.7,7.2,1934,-2.56,2
1934,4,76.4,-0.6,17.4,8.4,1934,-2.72,3
1934,5,35.8,3.8,22.4,13.1,1934,-2.87,3
1934,6,5.1,3,23.5,13.2,1934,-3.48,3
1934,7,45,11.5,28.9,20.2,1934,-4.28,4
1934,8,115.7,11.1,26.1,18.6,1934,-3.58,4
1934,9,6.6,4.6,23.2,13.9,1934,-3.8,4
1934,10,1,0.1,20.3,10.2,1935,-4.25,1
1934,11,12.5,-4.3,11.9,3.8,1935,-3.85,1
1934,12,32.3,-6.9,7.4,0.3,1935,-3.59,1
1935,1,92.7,-9.3,4.9,-2.2,1935,0.85,2
1935,2,41.1,-5.6,7.1,0.7,1935,1.11,2
1935,3,48.5,-7.1,8.1,0.5,1935,1.28,2
1935,4,36.8,-1.3,13.9,6.3,1935,1.28,3
1935,5,18.3,0.6,16.2,8.4,1935,1.88,3
1935,6,3.3,6,26.8,16.4,1935,2.18,3
1935,7,25.3,10.2,27.4,18.8,1935,2.05,4
1935,8,101.8,10.6,25.6,18.1,1935,2.46,4
1935,9,25.6,6.1,23.2,14.7,1935,2.43,4
1935,10,2.5,-0.4,17.4,8.5,1936,-0.73,1
1935,11,14.5,-6.9,9.9,1.5,1936,-0.55,1
1935,12,14.3,-7.9,7,-0.5,1936,-0.65,1
1936,1,7.9,-9.2,7.4,-0.9,1936,-0.9,2
1936,2,69.2,-6.4,5.5,-0.5,1936,-0.36,2
1936,3,41.4,-5.5,11.1,2.8,1936,-0.37,2
1936,4,2.5,-1,17.1,8.1,1936,-0.79,3
1936,5,2.3,1.4,22.2,11.8,1936,-1.06,3
1936,6,6.6,7.3,27.4,17.4,1936,-1.3,3
1936,7,111,11.1,27.7,19.4,1936,-1.26,4
1936,8,68.7,10.9,26.1,18.5,1936,0.1,4
1936,9,35.9,5.3,21.2,13.2,1936,0.35,4
1936,10,60.2,0.7,16.5,8.6,1937,-0.05,1
1936,11,10.9,-4.6,10.9,3.2,1937,-0.4,1
1936,12,76.1,-6.8,6.3,-0.3,1937,0.55,1
1937,1,81.2,-19.4,-2.1,-10.7,1937,0.86,2
1937,2,70.8,-10.2,5.3,-2.4,1937,1.29,2
1937,3,72.9,-5.7,8.2,1.3,1937,1.78,2
1937,4,4.1,-2.4,14.9,6.3,1937,1.44,3
1937,5,7.9,2.2,21.7,11.9,1937,1.74,3
1937,6,27.3,6,24.7,15.4,1937,2.16,3
1937,7,111.6,10.9,27.3,19.1,1937,2.16,4
1937,8,55.7,10.5,27.9,19.2,1937,-0.7,4
1937,9,46.6,6.7,25,15.9,1937,-0.01,4
1937,10,0,0,19.9,10,1938,-0.71,1
1937,11,6.4,-5.6,14.7,4.6,1938,-1.41,1
1937,12,48.5,-4.5,7.5,1.5,1938,-1.46,1
1938,1,35.4,-5.2,7.7,1.2,1938,-1.56,2
1938,2,94.5,-6.7,4.9,-0.9,1938,0.58,2
1938,3,111.4,-4.7,8.5,1.9,1938,1.53,2
1938,4,10.2,-1.9,15,6.6,1938,1.19,3
1938,5,3.4,1.1,19.8,10.4,1938,1.35,3
1938,6,22.2,5.4,25.3,15.4,1938,1.98,3
1938,7,53.8,9.6,27.1,18.3,1938,-0.36,4
1938,8,72.9,10.1,26,18,1938,-0.4,4
1938,9,27.3,6.5,24.4,15.4,1938,-0.75,4
1938,10,24.1,-1,17.7,8.3,1939,-1.32,1
1938,11,18.3,-8,9.7,0.8,1939,-1.53,1
1938,12,72.1,-7.5,7.6,0,1939,-1.23,1
1939,1,32,-9.3,4.5,-2.4,1939,-1.04,2
1939,2,38.6,-14.8,0.9,-6.9,1939,-0.79,2
1939,3,21.2,-5,10.9,3,1939,-0.83,2
1939,4,14.5,-1,16.8,7.9,1939,-0.7,3
1939,5,2,1.6,21.1,11.4,1939,-1.02,3
1939,6,0,5.4,25.7,15.6,1939,-1.43,3
1939,7,22.9,10.8,28.8,19.8,1939,-2.21,4
1939,8,62.2,11.1,27.4,19.3,1939,-2.67,4
1939,9,88.1,7.9,21.2,14.5,1939,-1.17,4
1939,10,8.7,-0.8,16.8,8,1940,-1.57,1
1939,11,36.8,-3.7,12.6,4.4,1940,-1.46,1
1939,12,0.8,-6.4,11.9,2.8,1940,-2.05,1
1940,1,39.7,-7.1,6.9,-0.1,1940,-2.02,2
1940,2,61.7,-5.9,6.7,0.4,1940,-1.58,2
1940,3,10.5,-6.3,11.4,2.5,1940,-2.08,2
1940,4,43.4,-0.8,14.9,7,1940,-1.81,3
1940,5,3.9,2.8,22,12.4,1940,-2.23,3
1940,6,30,8.1,27.3,17.7,1940,-2.43,3
1940,7,13.2,10.9,28.6,19.7,1940,-3.13,4
1940,8,57.4,10.5,27.6,19,1940,0.13,4
1940,9,92.1,7.2,21.2,14.2,1940,1.77,4
1940,10,87.7,0.9,17.4,9.2,1941,2.12,1
1940,11,23.3,-5.1,9.9,2.4,1941,2.17,1
1940,12,79.9,-5.2,7.1,0.9,1941,3.23,1
1941,1,64.8,-9.638,3.7,-2.037,1941,3.69,2
1941,2,69.5,-6.7,6.3,-0.2,1941,4.06,2
1941,3,58.6,-3.2,9.4,3.1,1941,4.79,2
1941,4,113.6,-2.6,9.7,3.5,1941,6.01,3
1941,5,16.3,-0.5,17.4,8.5,1941,6.63,3
1941,6,13.9,4.7,22.6,13.7,1941,7.38,3
1941,7,43.6,8.9,26.9,17.9,1941,7.18,4
1941,8,33.3,9.3,25.2,17.2,1941,6.8,4
1941,9,115.4,4.3,20.9,12.6,1941,7.2,4
1941,10,124.6,-0.1,12.9,6.4,1942,7.77,1
1941,11,20.6,-4.3,12.2,4,1942,7.02,1
1941,12,53.7,-7.6,5.8,-0.9,1942,6.76,1
1942,1,13.8,-8.9,6.1,-1.4,1942,5.88,2
1942,2,35.7,-9.3,5.5,-1.9,1942,5.59,2
1942,3,14.9,-5.8,9.4,1.8,1942,4.9,2
1942,4,24.4,-1.3,12,3.7,1942,4.94,3
1942,5,0,0.3,19.9,10.1,1942,4.53,3
1942,6,0,5.1,25.5,15.3,1942,4.16,3
1942,7,27.2,11.1,29.3,20.2,1942,-0.47,4
1942,8,52.9,10.4,26.3,18.4,1942,-0.78,4
1942,9,16.5,5.4,24.4,14.9,1942,-1.21,4
1942,10,25.4,1.4,17.7,9.5,1943,-0.83,1
1942,11,6.1,-2.8,14.1,5.7,1943,-1.5,1
1942,12,35,-4.7,9.4,2.3,1943,-1.31,1
1943,1,111.3,-7.4,6.2,-2.7,1943,-0.83,2
1943,2,46.7,-6.4,9.4,1.5,1943,-1.15,2
1943,3,42.2,-2.3,11.6,4.6,1943,-0.92,2
1943,4,30.1,0.1,17.5,8.8,1943,-1.16,3
1943,5,4.6,2.6,21.3,12,1943,-1.47,3
1943,6,9.6,2.1,22.4,12.3,1943,-1.75,3
1943,7,36.8,7.1,26.5,16.8,1943,-2.47,4
1943,8,135.8,8.5,23.9,16.2,1943,-1.8,4
1943,9,38.6,3.4,23.1,13.2,1943,-1.65,4
1943,10,49.8,-2.6,16.6,7,1944,-1.65,1
1943,11,6.9,-8.9,11.6,1.4,1944,-2.12,1
1943,12,56.5,-11.1,3.8,-3.7,1944,0.14,1
1944,1,49.6,-13.3,4.6,-4.4,1944,-0.16,2
1944,2,98.7,-11.1,3.5,-3.8,1944,0.4,2
1944,3,57.2,-10.6,6.6,-2,1944,0.52,2
1944,4,66.6,-5.2,9.9,2.3,1944,1.11,3
1944,5,33.7,-1.7,16.4,7.4,1944,1.54,3
1944,6,0,-0.6,21.2,10.3,1944,1.51,3
1944,7,31.1,4.9,26.1,15.5,1944,-0.39,4
1944,8,48.3,6.5,27.4,17,1944,-1.26,4
1944,9,29.8,3.7,22.9,13.3,1944,-1.05,4
1944,10,24.6,-1.4,16.6,7.6,1945,-1.57,1
1944,11,63,-8.7,6.5,-1.1,1945,0.46,1
1944,12,50.5,-10.7,6.6,-2.1,1945,0.42,1
1945,1,65.9,-13.8,5.1,-4.3,1945,-0.08,2
1945,2,19.1,-8.9,6.1,-1.4,1945,-0.42,2
1945,3,128.5,-9.4,4.9,-2.2,1945,0.67,2
1945,4,27.2,-5.9,11.1,2.6,1945,0.55,3
1945,5,1.1,-2.6,18.2,7.8,1945,0.38,3
1945,6,1.5,-0.1,22.1,11,1945,0.27,3
1945,7,55.4,8.2,26.7,17.4,1945,0.8,4
1945,8,86.7,8,24.2,16.1,1945,0.93,4
1945,9,8.6,2.9,23.5,13.2,1945,-0.84,4
1945,10,28.4,-0.9,16.6,7.8,1946,-0.99,1
1945,11,4,-9.4,11,0.8,1946,-1.54,1
1945,12,90.6,-13.2,4.6,-4.3,1946,-1.23,1
1946,1,32.4,-13.5,4.8,-4.4,1946,-1.3,2
1946,2,24.2,-13.2,6.6,-3.3,1946,-1.73,2
1946,3,39.5,-7.1,9.6,1.3,1946,-1.88,2
1946,4,115.9,-3,15.2,6.1,1946,-1.69,3
1946,5,10.4,-2.5,17.3,7.4,1946,-2.19,3
1946,6,0,1.4,25.7,13.6,1946,-2.85,3
1946,7,66.8,7.8,25.9,16.9,1946,0.17,4
1946,8,127.6,7.9,24.5,16.2,1946,0.8,4
1946,9,23.1,3,23.4,13.2,1946,0.95,4
1946,10,38,-4,15.6,5.8,1947,0.82,1
1946,11,73.9,-8.9,7.7,-0.6,1947,1.24,1
1946,12,43.9,-10,9.4,-0.3,1947,-0.28,1
1947,1,21.3,-16,4.8,-5.6,1947,-0.74,2
1947,2,10.4,-8.1,10.3,1.1,1947,-1.53,2
1947,3,6.4,-7,11.5,2.3,1947,-2.28,2
1947,4,3,-5.6,14.9,4.6,1947,-2.98,3
1947,5,33,-1.1,21.8,10.4,1947,-3.08,3
1947,6,0.3,0.5,24.7,12.6,1947,-3.56,3
1947,7,20.6,5.7,29.1,17.4,1947,-4.22,4
1947,8,112.2,7,24.5,15.7,1947,1.3,4
1947,9,22.7,3.6,25.2,14.4,1947,0.47,4
1947,10,33.3,-3.1,18.2,7.5,1948,1.19,1
1947,11,20.4,-11.2,7.6,-1.8,1948,1.27,1
1947,12,56.7,-14.8,4.9,-5,1948,1.3,1
1948,1,13.2,-12,8.5,-1.8,1948,0.73,2
1948,2,54.1,-11.8,5,-3.4,1948,1.14,2
1948,3,63.8,-11,5.4,-2.8,1948,1.4,2
1948,4,13.2,-4.5,15.6,5.6,1948,-0.33,3
1948,5,1.5,-3,21.5,9.3,1948,-0.44,3
1948,6,9.6,0.6,25.8,13.2,1948,-0.15,3
1948,7,42.7,5,28.8,16.9,1948,-0.33,4
1948,8,91.1,6.3,26,16.1,1948,-0.14,4
1948,9,34,1.8,25.3,13.6,1948,-0.54,4
1948,10,54.8,-2.8,17.2,7.2,1949,-0.19,1
1948,11,0,-10.3,9.7,-0.3,1949,-0.65,1
1948,12,66,-11.2,6,-2.6,1949,0.38,1
1949,1,176.9,-16,-1.3,-8.6,1949,1.43,2
1949,2,42.8,-17.3,3.6,-6.8,1949,1.42,2
1949,3,30.3,-10.4,8.3,-1.1,1949,1.18,2
1949,4,13.5,-4.9,15.3,5.2,1949,0.81,3
1949,5,34.2,-2.1,18.6,8.2,1949,0.98,3
1949,6,47.1,2.3,22.9,12.6,1949,1.76,3
1949,7,77,7.6,25.8,16.7,1949,2,4
1949,8,61,4.1,26,15.1,1949,1.47,4
1949,9,65.3,3.6,24,13.8,1949,1.7,4
1949,10,92.5,-4.5,14.2,4.9,1950,1.86,1
1949,11,23.4,-6.8,15.8,4.5,1950,-0.65,1
1949,12,41.4,-14.5,4.7,-4.9,1950,-0.73,1
1950,1,44.6,-13.3,4.4,-4.4,1950,-1.06,2
1950,2,32.8,-6.1,9.2,1.6,1950,-1.22,2
1950,3,25.6,-5.1,11.4,3.2,1950,-1.58,2
1950,4,7.2,-1.4,17.2,7.9,1950,-2.22,3
1950,5,8.9,-0.8,19.2,9.2,1950,-2.71,3
1950,6,9.4,3.5,25.3,14.4,1950,-3.08,3
1950,7,86.9,10.4,25.3,17.9,1950,-2.17,4
1950,8,37.4,7.2,26.3,16.7,1950,-2.84,4
1950,9,22.6,3.6,21.7,12.6,1950,-2.78,4
1950,10,0,0.2,22.1,11.1,1951,-3.55,1
1950,11,11.4,-4.8,14.7,4.9,1951,-3.95,1
1950,12,4.1,-7.6,11.8,2.1,1951,-4.58,1
1951,1,40.9,-9.9,6.3,-1.9,1951,-4.32,2
1951,2,25.3,-8.2,7,-0.6,1951,-4.44,2
1951,3,23.1,-6.3,9.2,1.4,1951,-4.49,2
1951,4,44.3,-2.4,13.7,5.6,1951,-3.65,3
1951,5,25.4,1.8,19,10.4,1951,-3.63,3
1951,6,0,3,24.4,13.7,1951,-4.29,3
1951,7,113.5,11.1,28.6,19.9,1951,-4.63,4
1951,8,139.5,8.8,25.2,17,1951,0.95,4
1951,9,15.3,3.9,24.9,14.4,1951,0.31,4
1951,10,57.4,-0.4,16.6,8.1,1952,0.45,1
1951,11,32.1,-6.4,8.7,1.2,1952,0.5,1
1951,12,138.3,-9.5,3.6,-3,1952,1.22,1
1952,1,88.4,-10.7,3.9,-3.4,1952,2.05,2
1952,2,20.8,-9.7,5.3,-2.2,1952,1.78,2
1952,3,76.9,-8,4.1,-1.9,1952,2.36,2
1952,4,41.3,-1.8,14.1,6.2,1952,3.34,3
1952,5,0,1.7,20.8,11.3,1952,3.57,3
1952,6,2.3,4.3,24.4,14.4,1952,4.44,3
1952,7,53.3,8.6,26.6,17.6,1952,4.65,4
1952,8,74.2,9.9,26.1,18,1952,4.24,4
1952,9,53.1,5.5,23.8,14.6,1952,4.48,4
1952,10,0,-0.8,22,10.6,1953,-0.92,1
1952,11,72.4,-8.6,7.1,-0.7,1953,1.01,1
1952,12,26.9,-10.8,4.5,-3.2,1953,0.92,1
1953,1,11.5,-6,9.4,1.7,1953,-0.53,2
1953,2,9.7,-9.2,7.6,-0.8,1953,-0.86,2
1953,3,22.2,-6.1,10.7,2.3,1953,-1.04,2
1953,4,29.4,-3.4,14.4,5.5,1953,-0.7,3
1953,5,6.8,-1.2,15.6,7.2,1953,-0.84,3
1953,6,0,4.2,25.7,15,1953,-1.02,3
1953,7,63.4,11.3,26.9,19.1,1953,1.04,4
1953,8,106.9,8.3,25.6,17,1953,1.14,4
1953,9,3,3.2,25.3,14.3,1953,-1.05,4
1953,10,12.4,-2.7,17,7.2,1954,-1.45,1
1953,11,46.5,-5.6,12.2,3.3,1954,-1.59,1
1953,12,13.5,-9.9,5.7,-2.1,1954,-1.99,1
1954,1,50,-10.6,6.8,-1.9,1954,-2.09,2
1954,2,32.3,-7.6,10.5,1.4,1954,-2.64,2
1954,3,99.1,-7.5,7.8,0.1,1954,-1.66,2
1954,4,20.3,-2,17.9,7.9,1954,-2.24,3
1954,5,11.2,2.2,21.1,11.6,1954,-2.36,3
1954,6,29.7,4.9,24.4,14.6,1954,-2.41,3
1954,7,89.1,11.2,27.1,19.1,1954,-1.72,4
1954,8,38.9,8.1,24.8,16.5,1954,-1.92,4
1954,9,79.7,5.4,23.2,14.3,1954,-1.28,4
1954,10,22.7,-0.6,18.9,9.1,1955,-1.58,1
1954,11,8.2,-5.3,13.6,4.2,1955,-2.17,1
1954,12,15.6,-9.3,6.5,-1.4,1955,-2.44,1
1955,1,67.7,-13.3,2.4,-5.5,1955,-2.23,2
1955,2,39.6,-13.7,3.2,-5.3,1955,-2.13,2
1955,3,4.3,-6.7,9.9,1.6,1955,-2.62,2
1955,4,13,-4.7,13.5,4.4,1955,-2.76,3
1955,5,5.3,-0.5,18.4,8.9,1955,-3.01,3
1955,6,74.1,3.1,23.4,13.3,1955,-2.45,3
1955,7,88.7,7.7,25.4,16.5,1955,-2.07,4
1955,8,94.7,10.5,25.5,18,1955,-1,4
1955,9,0,3.8,24.6,14.2,1955,-1.91,4
1955,10,1.3,-0.8,20,9.6,1956,-2.54,1
1955,11,45.2,-5.9,10.6,2.4,1956,-2.39,1
1955,12,22.3,-6.4,8.4,1,1956,-2.68,1
1956,1,41.2,-6.8,8.1,0.7,1956,-2.48,2
1956,2,27,-10.6,4.3,-3.2,1956,-2.47,2
1956,3,3,-7.1,12.5,2.7,1956,-3,2
1956,4,21.8,-3.6,13.2,4.8,1956,-2.98,3
1956,5,4.3,0.6,21.3,10.9,1956,-3.4,3
1956,6,70.9,5.2,26.9,16.1,1956,-3.76,3
1956,7,30.3,9.5,26.3,17.9,1956,-3.48,4
1956,8,36,6.8,25.2,16,1956,-3.62,4
1956,9,0.5,5.9,26.9,16.4,1956,-4.39,4
1956,10,17.3,-2.6,17.7,7.6,1957,-4.34,1
1956,11,1.3,-8.9,10.9,1,1957,-4.37,1
1956,12,9.9,-9.3,7.3,-1,1957,-4.6,1
1957,1,164,-6.2,3.5,-1.4,1957,1.26,2
1957,2,21.5,-4.5,10.3,2.9,1957,0.67,2
1957,3,23.4,-4.1,10.3,3.1,1957,0.39,2
1957,4,26.4,-3.4,12.5,4.6,1957,0.5,3
1957,5,51.3,-0.4,15.9,7.7,1957,1.29,3
1957,6,40.3,6,25.1,15.6,1957,1.51,3
1957,7,39.9,9.6,26.8,18.2,1957,1.71,4
1957,8,42,9.6,25.3,17.4,1957,2.56,4
1957,9,0,3.4,24.7,14.1,1957,1.37,4
1957,10,93,1,13.8,7.4,1958,2.4,1
1957,11,107.6,-6.1,6.9,0.4,1958,2.71,1
1957,12,15.1,-5.9,9.3,1.7,1958,2.05,1
1958,1,5.6,-8,6.3,-0.8,1958,1.47,2
1958,2,77.2,-6.1,8.4,1.1,1958,1.46,2
1958,3,75.8,-6.8,5.3,-0.7,1958,2.22,2
1958,4,31.2,-3.1,13,4.9,1958,2.38,3
1958,5,11.5,2.1,22.2,12.1,1958,2.69,3
1958,6,17.8,6.6,25.8,16.2,1958,2.89,3
1958,7,19.1,9.7,27.8,18.8,1958,1.94,4
1958,8,76.7,11.2,27.1,19.1,1958,1.61,4
1958,9,167.7,5.9,21.9,13.9,1958,2.68,4
1958,10,21.9,0.6,17.6,9.1,1959,-0.11,1
1958,11,35.3,-6.9,10.2,1.7,1959,-0.26,1
1958,12,0,-7.1,12,2.5,1959,-1.17,1
1959,1,8.6,-8.9,8.3,-0.3,1959,-1.84,2
1959,2,92.1,-10.7,5.3,-2.7,1959,-1.73,2
1959,3,2,-5.7,11.7,3,1959,-2.43,2
1959,4,37.7,-1.4,16.6,7.6,1959,-2.7,3
1959,5,16.2,1.3,18.4,9.8,1959,-3.34,3
1959,6,19.7,7,26.2,16.6,1959,-3.84,3
1959,7,74.7,11,28.4,19.7,1959,-4.13,4
1959,8,126.1,10.3,24,17.1,1959,-3.26,4
1959,9,7.1,4.8,22.2,13.5,1959,-3.74,4
1959,10,59.7,-0.3,17.7,8.7,1960,0.96,1
1959,11,7.9,-5.7,11.7,3,1960,0.79,1
1959,12,93.5,-7.2,6.5,-0.3,1960,1.59,1
1960,1,26.1,-13.3,2.9,-5.2,1960,1.64,2
1960,2,46.3,-10.8,3.9,-3.5,1960,1.73,2
1960,3,16.8,-4.3,12.5,4.1,1960,-0.39,2
1960,4,34.1,-2.6,15.5,6.5,1960,-0.58,3
1960,5,18,0.8,19.8,10.3,1960,-0.45,3
1960,6,9.9,6.8,26.9,16.8,1960,-0.32,3
1960,7,24.5,10.4,28.9,19.6,1960,-1.26,4
1960,8,83.4,9.9,27.1,18.5,1960,-2.05,4
1960,9,30.1,6.5,24.2,15.4,1960,-2.25,4
1960,10,90.8,-0.5,15,7.2,1961,-0.75,1
1960,11,32.3,-5.6,10.9,2.6,1961,-0.94,1
1960,12,9.9,-9.3,5.6,-1.9,1961,-0.84,1
1961,1,29.2,-9.9,7.8,-1,1961,-1.08,2
1961,2,3.1,-6.6,8.5,1,1961,-1.62,2
1961,3,73.4,-6,9.2,1.6,1961,-0.97,2
1961,4,8.9,-2,15.4,6.7,1961,-1.09,3
1961,5,7.1,-0.8,19.4,9.3,1961,-1.38,3
1961,6,9.5,7.2,27.4,17.3,1961,-1.73,3
1961,7,51.6,10.4,28.1,19.3,1961,-1.86,4
1961,8,85.6,10.5,25.1,17.8,1961,0.35,4
1961,9,48.9,3.3,20.9,12.1,1961,0.47,4
1961,10,47.9,-2.3,16.1,6.9,1962,0.65,1
1961,11,36.2,-5.9,8.3,1.2,1962,0.57,1
1961,12,80,-11.7,5,-3.4,1962,0.8,1
1962,1,67.2,-9.8,4.4,-2.7,1962,0.86,2
1962,2,105.4,-8,6.1,-1,1962,1.12,2
1962,3,32.9,-10.8,6.5,-2.1,1962,-0.01,2
1962,4,2.3,-1,18.2,8.6,1962,-0.64,3
1962,5,25.1,-0.3,18.1,8.9,1962,-0.71,3
1962,6,13.2,4.4,24.7,14.6,1962,-0.6,3
1962,7,60.1,9.3,26.9,18.1,1962,-1.3,4
1962,8,6.5,9,27.5,18.3,1962,-2.33,4
1962,9,63.1,6.1,23.6,14.8,1962,-1.66,4
1962,10,31.3,-0.6,17.8,8.6,1963,-1.22,1
1962,11,31.4,-4.6,13.3,4.3,1963,-1.1,1
1962,12,18.9,-8.8,8.3,-0.2,1963,-1.42,1
1963,1,24.5,-11.3,3.9,-3.7,1963,-1.66,2
1963,2,32.6,-5.9,11.1,2.6,1963,-1.83,2
1963,3,26.3,-7.1,9.9,1.4,1963,-2.04,2
1963,4,54.1,-4.5,12.9,4.2,1963,-1.88,3
1963,5,1.3,1.3,21.8,11.5,1963,-2.71,3
1963,6,0,3.2,23.8,13.5,1963,-3.34,3
1963,7,8.3,11,29,20,1963,-4.2,4
1963,8,126.1,10.7,24.6,17.7,1963,-2.05,4
1963,9,20.1,6,24.2,15.1,1963,-1.85,4
1963,10,31.8,0.6,19.1,9.8,1964,-1.89,1
1963,11,35.4,-4.1,10.7,3.3,1964,-1.72,1
1963,12,9.2,-10.3,8.4,-1,1964,-2.17,1
1964,1,27.2,-12.1,4.6,-3.7,1964,-2.52,2
1964,2,3.6,-11.5,5.5,-3,1964,-2.91,2
1964,3,78.4,-9,7.3,-0.8,1964,0.17,2
1964,4,55.1,-3.6,12.1,4.3,1964,0.7,3
1964,5,21.5,0.3,19.1,9.7,1964,-0.2,3
1964,6,4.3,4.2,23.9,14.1,1964,-0.72,3
1964,7,132.9,11.1,27.7,19.4,1964,0.14,4
1964,8,33.7,9.6,25.1,17.4,1964,0.4,4
1964,9,25.2,5.1,22.3,13.7,1964,0.79,4
1964,10,0.5,0,21.4,10.7,1965,-0.91,1
1964,11,32.2,-9,8.3,-0.4,1965,0.13,1
1964,12,69.7,-7.4,5.4,-1,1965,0.1,1
1965,1,77.4,-7.8,7.1,-0.3,1965,0.43,2
1965,2,59.6,-9.5,6.9,-1.3,1965,0.75,2
1965,3,84.7,-6.7,7.8,0.5,1965,0.96,2
1965,4,142.7,-3.9,11.9,4,1965,1.89,3
1965,5,47.7,-0.1,16.4,8.1,1965,2.8,3
1965,6,7.7,2.1,21.2,11.6,1965,3.71,3
1965,7,59.6,10.2,26.4,18.3,1965,4.69,4
1965,8,25.7,9.1,26.2,17.6,1965,3.92,4
1965,9,123.2,4.3,20,12.1,1965,4.21,4
1965,10,6.9,-0.7,20.3,9.8,1966,3.48,1
1965,11,126.3,-3.2,11.7,4.2,1966,3.65,1
1965,12,168.4,-7.7,5.7,-1,1966,4.86,1
1966,1,28.1,-13.6,4.1,-4.7,1966,4.37,2
1966,2,27,-11.7,4.1,-3.8,1966,4.3,2
1966,3,24.2,-6.2,11.9,2.9,1966,-0.4,2
1966,4,6.9,-2.6,16.7,7.1,1966,-0.64,3
1966,5,0,2.1,22,12,1966,0.1,3
1966,6,5.3,5,25.1,15,1966,0.22,3
1966,7,41.1,10.7,27.6,19.1,1966,0.49,4
1966,8,90.1,10.3,26.6,18.4,1966,-0.24,4
1966,9,51.5,6.5,23.1,14.8,1966,-0.33,4
1966,10,25.2,-0.7,17.3,8.3,1967,-0.6,1
1966,11,59.3,-4.3,12.6,4.2,1967,-0.77,1
1966,12,156.7,-8.3,5.7,-1.3,1967,-0.03,1
1967,1,23.6,-10,6.6,-1.6,1967,-0.41,2
1967,2,0,-6.4,10.1,1.9,1967,-1.15,2
1967,3,28.2,-4.6,12.4,3.9,1967,-1.7,2
1967,4,48.3,-4.8,11,3.1,1967,-1.85,3
1967,5,10.5,-0.4,18.9,9.3,1967,-2.01,3
1967,6,26.6,4.5,22.3,13.4,1967,0.01,3
1967,7,96.5,11.7,26.7,19.2,1967,0.55,4
1967,8,68.2,9.6,26.4,18,1967,0.93,4
1967,9,57.2,6.1,22.7,14.4,1967,1.16,4
1967,10,7.7,0.2,19.7,9.9,1968,-0.76,1
1967,11,13.8,-4.5,13.8,4.6,1968,-1.14,1
1967,12,185.4,-12.1,2.2,-4.9,1968,1.3,1
1968,1,39.4,-11.7,4.4,-3.6,1968,-0.25,2
1968,2,32.8,-4.9,9.1,2.1,1968,-0.63,2
1968,3,29.1,-5.3,10.8,2.8,1968,-0.75,2
1968,4,53.2,-3.2,12.4,4.6,1968,0.34,3
1968,5,14,0.5,19.6,10.1,1968,0.27,3
1968,6,4.1,5.1,25.9,15.5,1968,0.18,3
1968,7,91.6,10.1,26.5,18.3,1968,0.61,4
1968,8,28.8,7.2,23.3,15.3,1968,0.61,4
1968,9,1.1,3.2,23.3,13.3,1968,-0.84,4
1968,10,35,-1,17.6,8.3,1969,-0.85,1
1968,11,22.2,-5.3,9.4,2.1,1969,-0.83,1
1968,12,68.9,-11.6,3.8,-3.9,1969,0.04,1
1969,1,117.5,-5.3,5.1,-0.1,1969,0.32,2
1969,2,99.2,-9.3,1.9,-3.7,1969,0.56,2
1969,3,76.2,-9.9,4.6,-2.6,1969,0.71,2
1969,4,2.9,-3.4,14.1,5.4,1969,0.29,3
1969,5,27,1.8,20.8,11.3,1969,0.74,3
1969,6,0.3,4.5,24.2,14.4,1969,0.77,3
1969,7,96.8,10.7,27.2,19,1969,1.19,4
1969,8,48.2,10.5,26.3,18.4,1969,0.92,4
1969,9,34,5.5,23.5,14.5,1969,0.69,4
1969,10,29,-3.6,13,4.7,1970,1.2,1
1969,11,51.8,-5.7,7.8,1,1970,1.23,1
1969,12,11.7,-6.8,8.1,0.7,1970,-0.54,1
1970,1,13.1,-8.4,7.1,-0.6,1970,-1.03,2
1970,2,10.5,-4.9,10.5,2.8,1970,-1.77,2
1970,3,171.4,-5.7,7.6,0.9,1970,0.97,2
1970,4,29.4,-5.6,11.6,3,1970,1.21,3
1970,5,0,1.2,21.7,11.4,1970,-0.21,3
1970,6,1.8,5.6,26,15.8,1970,-0.46,3
1970,7,65.5,11.1,28.5,19.8,1970,-0.51,4
1970,8,130.8,11.7,26.4,19.1,1970,-0.67,4
1970,9,96.2,3.9,21,12.4,1970,-0.1,4
1970,10,2.8,-2.6,15.8,6.6,1971,-0.3,1
1970,11,34.9,-4.4,12.6,4.1,1971,-0.6,1
1970,12,53.9,-9.7,5.8,-2,1971,-0.82,1
1971,1,2,-9.9,7,-1.5,1971,-1.47,2
1971,2,37.6,-8.4,7.3,-0.5,1971,-1.74,2
1971,3,6.4,-6.2,11.8,2.8,1971,-2.33,2
1971,4,14,-3.7,14.7,5.5,1971,-2.53,3
1971,5,31.3,-0.7,17.1,8.2,1971,-2.86,3
1971,6,0,4.2,25.4,14.8,1971,-3.6,3
1971,7,50.1,10.3,29.1,19.7,1971,-4.11,4
1971,8,113.8,10.4,25.2,17.8,1971,-2.97,4
1971,9,51.3,2.6,20.8,11.7,1971,-2.37,4
1971,10,111.1,-4.1,11.4,3.7,1972,-1.09,1
1971,11,10.2,-7.3,9,0.8,1972,-1.1,1
1971,12,106.3,-11.4,0.8,-5.3,1972,-0.6,1
1972,1,0,-10.2,6.3,-2,1972,-1.18,2
1972,2,0.5,-9.8,9.5,-0.1,1972,-1.92,2
1972,3,0,-6.2,15.1,4.4,1972,-2.98,2
1972,4,18.2,-5.8,14.4,4.3,1972,-3.58,3
1972,5,3.6,-2.5,18.4,8,1972,-4.01,3
1972,6,49,5.1,23.4,14.2,1972,-3.45,3
1972,7,48.2,9.5,28.8,19.1,1972,-3.85,4
1972,8,71.7,8.4,25.9,17.1,1972,-4,4
1972,9,20.6,4.5,22.9,13.7,1972,-3.97,4
1972,10,250.5,1.4,14.1,7.7,1973,2.94,1
1972,11,59.6,-8.7,6,-1.3,1973,3.16,1
1972,12,105,-12.5,1.2,-5.6,1973,3.6,1
1973,1,48,-12.3,2.1,-5.1,1973,3.75,2
1973,2,93.7,-7.8,4.1,-1.8,1973,4.53,2
1973,3,157.1,-9.5,3.7,-2.9,1973,5.96,2
1973,4,30.8,-3.6,10.3,3.3,1973,5.65,3
1973,5,29.8,2.4,20.7,11.5,1973,6.22,3
1973,6,10.2,6,25.6,15.8,1973,6.99,3
1973,7,47.6,9.3,28.1,18.7,1973,6.46,4
1973,8,31.7,8.7,27.5,18.1,1973,-0.56,4
1973,9,0,3.4,25.1,14.3,1973,-1.21,4
1973,10,0.8,-0.5,20.5,10,1974,-1.83,1
1973,11,48.3,-5.4,11,2.8,1974,-1.67,1
1973,12,3,-7.1,8.2,0.5,1974,-2.23,1
1974,1,92.4,-8.8,4.1,-2.4,1974,-1.42,2
1974,2,6.6,-8.2,6.5,-0.9,1974,-1.72,2
1974,3,25.7,-3.3,12.6,4.7,1974,-2.14,2
1974,4,14.5,-3.4,15.8,6.2,1974,-2.32,3
1974,5,0,2.3,23.1,12.7,1974,-2.95,3
1974,6,0,7.8,30.6,19.2,1974,-3.61,3
1974,7,76.1,10.3,27.8,19.1,1974,-3.1,4
1974,8,54.9,9.3,27.1,18.1,1974,-3.73,4
1974,9,23.7,5.4,24.2,14.8,1974,-3.76,4
1974,10,92.5,0.9,16.8,8.8,1975,1.18,1
1974,11,26.2,-5.3,10.5,2.6,1975,0.89,1
1974,12,30,-10.9,5.2,-2.9,1975,0.42,1
1975,1,44.7,-10.1,5.3,-2.4,1975,0.11,2
1975,2,48.4,-10.1,5.1,-2.5,1975,0.16,2
1975,3,74.3,-5.7,7.1,0.7,1975,0.6,2
1975,4,56.1,-5.1,9.8,2.3,1975,1.05,3
1975,5,29.5,-1.2,18.4,8.6,1975,1.26,3
1975,6,1.3,2.7,25.1,13.9,1975,1.25,3
1975,7,56.9,10.3,27.4,18.8,1975,1.94,4
1975,8,18.9,6.9,28.2,17.5,1975,-0.97,4
1975,9,48.2,5.9,22.8,14.4,1975,-0.39,4
1975,10,8.4,-2.6,18.7,8,1976,-1,1
1975,11,75.1,-6.4,12.3,2.9,1976,-0.72,1
1975,12,49.6,-9.4,6.2,-1.6,1976,-0.76,1
1976,1,4.4,-8.8,7.3,-0.8,1976,-1.34,2
1976,2,151.5,-5.1,8.5,1.7,1976,0.19,2
1976,3,52.3,-5.9,9.6,1.9,1976,-0.25,2
1976,4,78.4,-3.6,14,5.2,1976,0.19,3
1976,5,42.1,2.5,20.6,11.5,1976,0.67,3
1976,6,0,3.7,26.1,14.9,1976,0.25,3
1976,7,97.3,10.4,27.8,19.1,1976,1.03,4
1976,8,14.8,7.2,27,17.1,1976,-0.97,4
1976,9,29.6,5.4,22.4,13.9,1976,-0.27,4
1976,10,18.6,-0.9,17.4,8.3,1977,-0.52,1
1976,11,2.6,-6.1,14.4,4.2,1977,-1.01,1
1976,12,20.3,-10.1,9.7,-0.2,1977,-1.56,1
1977,1,47,-10.7,4.9,-2.9,1977,-1.54,2
1977,2,21.4,-8.1,10.5,1.2,1977,-2.04,2
1977,3,23.4,-7.7,9.3,0.8,1977,-2.31,2
1977,4,37.4,-3.3,17.4,7.1,1977,-2.35,3
1977,5,24.4,-0.6,17.7,8.5,1977,-2.71,3
1977,6,23.1,5.8,27.8,16.8,1977,-3.19,3
1977,7,91.5,10.8,28.3,19.5,1977,-2.79,4
1977,8,94.7,10.6,27.3,19,1977,-2.71,4
1977,9,38.6,6.7,24.6,15.7,1977,-2.47,4
1977,10,26.4,0.5,20.4,10.4,1978,-2.47,1
1977,11,19.3,-4.2,14.1,5,1978,-2.67,1
1977,12,30.1,-4.5,10.7,3.1,1978,-3.04,1
1978,1,104,-6.7,6.1,-0.3,1978,0.73,2
1978,2,118.6,-6.9,5.4,-0.7,1978,1.31,2
1978,3,141.7,-2.9,12.2,4.6,1978,2.1,2
1978,4,40.6,-2.6,13.9,5.7,1978,1.9,3
1978,5,6.9,-0.4,19.6,9.6,1978,2.34,3
1978,6,2.3,5.5,27.1,16.3,1978,2.56,3
1978,7,29.7,9.1,29.3,19.2,1978,-0.53,4
1978,8,17.4,7.9,27.2,17.6,1978,-1.28,4
1978,9,11.7,5,23,14,1978,-1.4,4
1978,10,14.2,0.4,19.3,9.9,1979,0.05,1
1978,11,156.4,-4.8,7.7,1.4,1979,2.05,1
1978,12,137,-11.7,3.1,-4.3,1979,3.27,1
1979,1,141,-11.7,1.2,-5.2,1979,4.58,2
1979,2,43.9,-11.4,4.6,-3.4,1979,4.63,2
1979,3,64,-6.1,6.4,0.2,1979,4.89,2
1979,4,7.9,-4.4,14.1,4.8,1979,4.25,3
1979,5,54.9,0.7,16.9,8.8,1979,5.31,3
1979,6,4.7,4.8,23.9,14.3,1979,5.94,3
1979,7,20,7.7,27.9,17.9,1979,4.92,4
1979,8,60.5,6.8,24.8,15.8,1979,4.24,4
1979,9,3.3,4.9,24.8,14.9,1979,2.81,4
1979,10,33,-0.5,18,8.8,1980,2.37,1
1979,11,29,-7.5,6.5,-0.5,1980,2.38,1
1979,12,38.2,-8.9,7.9,-0.5,1980,2.08,1
1980,1,165.5,-5.3,3.9,-0.7,1980,3.19,2
1980,2,198.3,-6.1,6.9,0.4,1980,4.6,2
1980,3,105.8,-5.7,6,0.2,1980,4.91,2
1980,4,30.7,-3,14,5.5,1980,4.77,3
1980,5,45.4,-0.7,15.7,7.5,1980,4.98,3
1980,6,6.4,5.1,27,16.1,1980,5.4,3
1980,7,63.4,11.6,29.4,20.5,1980,5.05,4
1980,8,55.6,10.7,27.4,19.1,1980,-0.12,4
1980,9,16.6,6.2,24.6,15.4,1980,-0.2,4
1980,10,27.6,0.8,18.1,9.4,1981,-0.38,1
1980,11,0,-3.1,13.5,5.2,1981,-1.05,1
1980,12,29.3,-2.8,11.5,4.4,1981,-1.65,1
1981,1,33.3,-4.6,9.2,2.3,1981,-2.2,2
1981,2,29.5,-5.5,10.3,2.4,1981,-2.61,2
1981,3,102.9,-3.7,8.8,2.5,1981,-1.95,2
1981,4,38.2,1.4,17,9.2,1981,-2.06,3
1981,5,18.3,3.1,19.1,11.1,1981,-2.07,3
1981,6,27.7,9.9,28,18.9,1981,-2.32,3
1981,7,73.1,12.5,27.7,20.1,1981,0.1,4
1981,8,94.9,10.5,26.6,18.6,1981,0.1,4
1981,9,64.6,7,22.7,14.8,1981,0.16,4
1981,10,46.1,1.3,15,8.2,1982,0.43,1
1981,11,61.7,-2.6,13.5,5.4,1982,0.51,1
1981,12,4.4,-5.3,10.1,2.4,1982,-0.83,1
1982,1,117.3,-8.8,4.7,-2.1,1982,0.4,2
1982,2,64.8,-8.1,6.3,-0.9,1982,0.82,2
1982,3,144.6,-4.3,8,1.8,1982,1.15,2
1982,4,6.4,-1.8,14.6,6.4,1982,0.94,3
1982,5,21.8,0.9,18.9,9.9,1982,1.54,3
1982,6,0,3.3,24.6,13.9,1982,1.52,3
1982,7,48.2,8.7,26.6,17.6,1982,1.44,4
1982,8,58.8,11,26.3,18.6,1982,2.28,4
1982,9,80.6,5.9,22.5,14.2,1982,2.33,4
1982,10,18,-2.9,16.2,6.7,1983,1.68,1
1982,11,136,-4.2,7.7,1.8,1983,2.51,1
1982,12,93.3,-9.3,5,-2.2,1983,3.02,1
1983,1,40.9,-8.7,7.6,-0.5,1983,3.04,2
1983,2,77.3,-6.9,7.2,0.1,1983,3.06,2
1983,3,110.9,-3.5,8.2,2.3,1983,3.69,2
1983,4,55.6,-4.7,10.2,2.7,1983,3.69,3
1983,5,1.6,0.1,19.7,9.9,1983,3.87,3
1983,6,7.1,3.9,24.1,14,1983,4.34,3
1983,7,72.8,9.9,27.3,18.6,1983,5.03,4
1983,8,89.8,9.4,26,17.7,1983,4.76,4
1983,9,171.4,7.5,24.4,15.9,1983,5.6,4
1983,10,19.1,1.1,17.3,9.2,1984,5.07,1
1983,11,38.8,-4.7,10.1,2.7,1984,4.84,1
1983,12,64,-4.8,7,1.1,1984,4.55,1
1984,1,9.2,-8.1,7.6,-0.2,1984,-0.48,2
1984,2,3.3,-8.6,9.5,0.4,1984,-0.99,2
1984,3,22.6,-5.4,12.4,3.5,1984,-1.15,2
1984,4,18.5,-3.9,13.6,4.8,1984,-0.97,3
1984,5,5.4,3.2,24.4,13.8,1984,-1.59,3
1984,6,3.3,5,24.4,14.7,1984,-1.92,3
1984,7,106.7,10.8,26.6,18.7,1984,0.84,4
1984,8,98.1,9.8,25.5,17.7,1984,1.53,4
1984,9,44.6,6.4,23.9,15.1,1984,1.68,4
1984,10,36.4,-1.9,13.4,5.8,1985,2.09,1
1984,11,35.6,-6.9,10.6,1.8,1985,1.69,1
1984,12,126.9,-7.6,4.2,-1.7,1985,2.57,1
1985,1,60.4,-9.1,4.1,-2.5,1985,2.9,2
1985,2,42.5,-10.1,6.6,-1.7,1985,2.78,2
1985,3,64.6,-4.8,8.6,1.9,1985,3.03,2
1985,4,86.3,-0.9,16.7,7.9,1985,3.55,3
1985,5,6.7,1.2,20.4,10.8,1985,3.78,3
1985,6,2.3,6.4,27.5,17,1985,4.08,3
1985,7,59.8,11.1,28,19.6,1985,4.07,4
1985,8,27.4,9.2,27.7,18.5,1985,2.6,4
1985,9,93.4,2.9,20.4,11.7,1985,2.98,4
1985,10,62,0.7,16.7,8.7,1986,2.94,1
1985,11,168.7,-6,8,1,1986,3.79,1
1985,12,3.8,-7.9,8.4,0.2,1986,-0.43,1
1986,1,7.9,-5.6,11.1,2.8,1986,-1.24,2
1986,2,44.6,-6.1,8.5,1.2,1986,-1.26,2
1986,3,66.2,-3.9,12.5,4.3,1986,-1.17,2
1986,4,31.2,-1.7,15.2,6.7,1986,-1.18,3
1986,5,18.4,1.4,20.8,11.1,1986,-1.45,3
1986,6,29.4,6.4,26,16.2,1986,-1.59,3
1986,7,168.3,9.7,25.8,17.7,1986,0.34,4
1986,8,204.8,10.9,26.5,18.7,1986,0.42,4
1986,9,122,3.9,19.4,11.6,1986,0.72,4
1986,10,51.3,-1.9,14.6,6.4,1987,1.05,1
1986,11,42.7,-4.2,10.4,3.1,1987,1.51,1
1986,12,36.3,-8.4,6.5,-1,1987,1.45,1
1987,1,63.8,-11.1,6.2,-2.5,1987,1.55,2
1987,2,64.6,-7.4,6.4,-0.5,1987,1.82,2
1987,3,43.1,-7.5,8.3,0.4,1987,1.76,2
1987,4,5.4,-1.8,17.2,7.7,1987,1.27,3
1987,5,17.8,1.6,19.2,10.4,1987,1.61,3
1987,6,6.4,5.4,27.2,16.3,1987,1.85,3
1987,7,49,7.4,26.8,17.1,1987,1.82,4
1987,8,95.1,8.8,25.4,17.1,1987,1.89,4
1987,9,37.7,4.2,23.1,13.6,1987,1.12,4
1987,10,117.9,1.2,19.2,10.2,1988,1.47,1
1987,11,74,-4.9,9.4,2.3,1988,2.21,1
1987,12,35,-10.3,4.9,-2.7,1988,2.17,1
1988,1,41.7,-8.9,5.7,-1.6,1988,2.12,2
1988,2,58.4,-7.1,9.6,1.2,1988,2.04,2
1988,3,3.6,-5.7,11.7,3,1988,1.22,2
1988,4,97.4,-1.7,15,6.6,1988,2.33,3
1988,5,3.6,0.4,20.5,10.4,1988,2.32,3
1988,6,47.2,6.7,26.1,16.4,1988,3.03,3
1988,7,88.7,10.7,28.6,19.7,1988,2.49,4
1988,8,121.3,10.1,25.7,17.9,1988,3.3,4
1988,9,3.9,3.7,22.9,13.3,1988,-0.42,4
1988,10,31.2,1.6,21.1,11.4,1989,-1,1
1988,11,29.1,-5.3,10.7,2.7,1989,-0.93,1
1988,12,25.5,-10.2,5.6,-2.3,1989,-1.24,1
1989,1,46.7,-11,4.5,-3.2,1989,-1.12,2
1989,2,34.4,-7.2,7.5,0.1,1989,-1.36,2
1989,3,52.8,-3.7,14.6,5.4,1989,-1.88,2
1989,4,0.3,0,20.4,10.2,1989,-2.91,3
1989,5,15.7,2.8,21.8,12.3,1989,-3.46,3
1989,6,5.8,5.3,26.7,16,1989,-4.05,3
1989,7,58,10.9,29.1,20,1989,-4.07,4
1989,8,86.5,8.4,26.6,17.5,1989,-3.83,4
1989,9,7.6,4.7,24.9,14.8,1989,-4.36,4
1989,10,32.5,-0.5,17.6,8.6,1990,-4.14,1
1989,11,0,-5.5,12.5,3.5,1990,-4.48,1
1989,12,26.7,-10,9.5,-0.2,1990,-4.65,1
1990,1,39.1,-10.2,6.3,-1.9,1990,-4.57,2
1990,2,81.2,-10,7,-1.5,1990,-4.12,2
1990,3,55,-4.5,11.4,3.5,1990,-4.17,2
1990,4,58.9,-0.2,15.8,7.8,1990,-3.85,3
1990,5,18.6,0.5,19.8,10.2,1990,-3.98,3
1990,6,6.1,7.2,28.8,18,1990,-4.44,3
1990,7,109.8,11.1,27.6,19.4,1990,0.2,4
1990,8,43.4,7.9,26.1,17,1990,-0.25,4
1990,9,157.1,7.4,23.6,15.5,1990,0.79,4
1990,10,12.5,-0.4,19.1,9.4,1991,-0.38,1
1990,11,27.8,-5.4,11.6,3.1,1991,-0.34,1
1990,12,42.7,-12.1,4.5,-3.8,1991,-0.18,1
1991,1,44.7,-7.6,6,-0.8,1991,-0.16,2
1991,2,52.9,-5.6,11.3,2.9,1991,-0.69,2
1991,3,152.4,-6.6,6.9,0.1,1991,1.12,2
1991,4,0,-3,15.3,6.1,1991,-0.36,3
1991,5,3.6,0,19.3,9.7,1991,-0.44,3
1991,6,15,3.5,24.5,14,1991,-0.11,3
1991,7,26.6,9.8,29.1,19.5,1991,-0.56,4
1991,8,41.6,10.1,28.3,19.2,1991,-0.95,4
1991,9,6.7,6,24.7,15.4,1991,-0.98,4
1991,10,28.5,0.6,20.1,10.4,1992,-1.38,1
1991,11,113.6,-4.4,9.8,2.7,1992,0.49,1
1991,12,69.2,-7.3,5.3,-1,1992,1.09,1
1992,1,51.5,-10.4,5.2,-2.6,1992,1.08,2
1992,2,93.7,-4.3,7.9,1.8,1992,1.17,2
1992,3,111.7,-3.2,9.9,3.4,1992,1.8,2
1992,4,19.9,-0.3,19.2,9.5,1992,1.22,3
1992,5,105.3,4.1,19.6,11.8,1992,2.84,3
1992,6,8.1,5.2,24.8,15,1992,3.32,3
1992,7,67.7,9.4,27.4,18.4,1992,3.75,4
1992,8,147.5,9.8,25.9,17.9,1992,4.54,4
1992,9,0,5.1,25.3,15.2,1992,3.82,4
1992,10,92.5,0.9,19.6,10.2,1993,3.49,1
1992,11,11.7,-6.8,8.7,1,1993,2.82,1
1992,12,172.3,-10.5,4.2,-3.2,1993,3.68,1
1993,1,242.6,-5.6,5.7,0.1,1993,5.96,2
1993,2,255.2,-5,5.6,0.3,1993,7.11,2
1993,3,39.2,-3.7,12.7,4.5,1993,6.51,2
1993,4,6.6,-1.3,17.3,8,1993,5.52,3
1993,5,11.4,2.3,22,12.1,1993,5.5,3
1993,6,14,5.4,26.2,15.8,1993,5.3,3
1993,7,0,9.2,28,18.6,1993,-1.05,4
1993,8,106.6,9.9,26.5,18.2,1993,-0.35,4
1993,9,49.5,4.2,24.6,14.4,1993,-0.98,4
1993,10,83.6,-0.2,17.3,8.6,1994,0.56,1
1993,11,76.7,-6.2,9.5,1.7,1994,0.8,1
1993,12,19.4,-8.9,6.8,-1.1,1994,-0.5,1
1994,1,9.6,-7.9,8.7,0.4,1994,-1.09,2
1994,2,62.8,-9.1,6.7,-1.2,1994,-0.98,2
1994,3,77,-3,12.5,4.8,1994,-1.15,2
1994,4,62.9,-1.5,15.2,6.9,1994,-0.84,3
1994,5,25.7,1.9,19.9,10.9,1994,-0.82,3
1994,6,12.326,3.6,28.4,16,1994,-1.3,3
1994,7,43.2,9,28.1,18.5,1994,-2.09,4
1994,8,91.8,11.1,27.1,19.1,1994,-2.43,4
1994,9,70,5.7,23.2,14.5,1994,0.1,4
1994,10,28.4,-2.3,15.8,6.8,1995,0.33,1
1994,11,48.5,-6.6,6.8,0.1,1995,0.68,1
1994,12,36.5,-6.2,6.3,0,1995,0.69,1
1995,1,60.9,-7.5,3.5,-2,1995,1.5,2
1995,2,95.7,-4.3,10.1,2.9,1995,1.47,2
1995,3,101.4,-3.4,10.3,3.5,1995,1.77,2
1995,4,37.8,-3,12.3,4.6,1995,1.89,3
1995,5,22.3,0.3,15.5,7.9,1995,2.39,3
1995,6,1.5,2.5,23.1,12.8,1995,2.8,3
1995,7,15.6,8,28.2,18.1,1995,-0.31,4
1995,8,58.5,11.2,27.5,19.4,1995,-0.46,4
1995,9,40.3,5.8,24.1,14.9,1995,-0.2,4
1995,10,0.3,-1.9,19.3,8.7,1996,-1,1
1995,11,7.9,-3.7,15.2,5.7,1996,-1.45,1
1995,12,8.9,-8,7.9,-0.1,1996,-1.92,1
1996,1,4.8,-8.7,8,-0.3,1996,-2.53,2
1996,2,34.5,-4.6,10.1,2.8,1996,-2.92,2
1996,3,13.7,-5.2,11.6,3.2,1996,-3.4,2
1996,4,1.8,-2.6,16.9,7.1,1996,-4.14,3
1996,5,0,-1.7,23.8,11.1,1996,-5.12,3
1996,6,0,5.6,27.5,16.6,1996,-5.77,3
1996,7,45.6,12.2,28.2,20.2,1996,-5.83,4
1996,8,23.5,9.9,27.4,18.6,1996,-6.39,4
1996,9,94.7,5.2,20.5,12.8,1996,-4.86,4
1996,10,23.6,-1.4,15.5,7.1,1997,-4.4,1
1996,11,26.6,-6.8,10.6,1.9,1997,-3.83,1
1996,12,16.4,-6.1,7.8,0.8,1997,-4.08,1
1997,1,81.5,-8.5,4,-2.2,1997,-3.01,2
1997,2,25.1,-8.2,5.5,-1.4,1997,-2.81,2
1997,3,0.8,-5.7,13.6,3.9,1997,-3.49,2
1997,4,15.5,-2.7,12.1,4.7,1997,-2.89,3
1997,5,2.1,2.4,22.3,12.3,1997,-2.94,3
1997,6,4.6,3.9,23.9,13.9,1997,-2.91,3
1997,7,5.4,7.5,27.8,17.7,1997,-3.15,4
1997,8,71.9,9.9,25.3,17.6,1997,0.31,4
1997,9,93.5,7.8,22.7,15.2,1997,1.06,4
1997,10,29.4,-1.4,15.8,7.2,1998,1.04,1
1997,11,20.4,-4.8,11.1,3.1,1998,0.67,1
1997,12,47,-9.7,3.7,-3,1998,0.65,1
1998,1,33,-7.2,6.5,-0.4,1998,0.13,2
1998,2,54.6,-8.4,3,-2.7,1998,0.69,2
1998,3,94.9,-6.3,8.2,0.9,1998,1.14,2
1998,4,38.7,-4.3,10.1,2.9,1998,1.42,3
1998,5,33.3,-0.3,16.7,8.2,1998,1.59,3
1998,6,0,2.5,23,12.8,1998,1.54,3
1998,7,120.1,10.3,27.7,19,1998,2.1,4
1998,8,71.8,10.1,26.4,18.2,1998,1.05,4
1998,9,113.2,6.6,21.4,14,1998,1.16,4
1998,10,79.2,-1.3,15.3,7,1999,2.06,1
1998,11,44.6,-5.4,11,2.8,1999,1.97,1
1998,12,10.7,-7.5,6.5,-0.5,1999,-0.48,1
1999,1,7.1,-7.6,9.6,1,1999,-1.24,2
1999,2,12.2,-6.9,10.4,1.7,1999,-1.97,2
1999,3,13.5,-4.8,12.6,3.9,1999,-2.85,2
1999,4,71.4,-4.1,10.2,3.1,1999,-2.22,3
1999,5,10.7,0.3,19,9.6,1999,-2.62,3
1999,6,24.2,4.7,24.1,14.4,1999,-3.07,3
1999,7,83.2,11,24.7,17.9,1999,1.12,4
1999,8,62.5,8.9,24.6,16.7,1999,1.83,4
1999,9,115.4,4.9,21.9,13.4,1999,2.22,4
1999,10,0,-2.5,19.9,8.7,2000,-0.91,1
1999,11,0,-6.6,16,4.7,2000,-1.81,1
1999,12,0,-9.8,6.8,-1.5,2000,-2.41,1
2000,1,15.7,-7.4,8.4,0.5,2000,-2.93,2
2000,2,41,-5.1,9.1,2,2000,-3.41,2
2000,3,79.2,-5.2,9,1.9,2000,-2.64,2
2000,4,4.9,-1.9,18,8.1,2000,-3.16,3
2000,5,3.1,2.8,23.2,13,2000,-4.09,3
2000,6,28.3,7,26.5,16.8,2000,-4.46,3
2000,7,7.3,9.7,28.7,19.2,2000,-5.36,4
2000,8,72.3,10.5,26.1,18.3,2000,-4.95,4
2000,9,9.1,6.1,25.2,15.6,2000,-5.41,4
2000,10,97.9,0.4,15.4,7.9,2001,-3.24,1
2000,11,27.1,-7.9,6.5,-0.7,2001,-2.73,1
2000,12,5.4,-6.4,9.3,1.5,2001,-2.99,1
2001,1,66.2,-9.5,4.1,-2.7,2001,-2.42,2
2001,2,42.7,-8.3,5.7,-1.3,2001,-2.2,2
2001,3,32.5,-4.1,11.8,3.9,2001,-2.19,2
2001,4,35.8,-1.2,13.9,6.4,2001,-1.8,3
2001,5,20.8,3,22.9,12.9,2001,-1.68,3
2001,6,0.8,6.2,27.3,16.8,2001,-1.82,3
2001,7,71.1,10.2,27.1,18.6,2001,-1.85,4
2001,8,88,9.7,26.1,17.9,2001,-1.66,4
2001,9,17.2,5.1,25.8,15.5,2001,-2.34,4
2001,10,30.7,0.7,19.5,10.1,2002,-2.77,1
2001,11,11,-4.1,11.6,3.8,2002,-3.07,1
2001,12,29.5,-10.6,5,-2.8,2002,-2.97,1
2002,1,0.5,-7.9,6.8,-0.6,2002,-3.37,2
2002,2,1.8,-8.1,10.4,1.1,2002,-3.96,2
2002,3,15.7,-6.7,11,2.2,2002,-4.29,2
2002,4,13,-0.4,17.5,8.6,2002,-4.96,3
2002,5,0,0.6,21.7,11.2,2002,-5.78,3
2002,6,0,6,28.4,17.2,2002,-6.6,3
2002,7,66,13,29.1,21.1,2002,-6.85,4
2002,8,25.5,9.9,27.9,18.9,2002,-7.43,4
2002,9,101.8,6.2,22.8,14.5,2002,-5.65,4
2002,10,47.8,-0.3,15.3,7.5,2003,-5.15,1
2002,11,37.7,-3.8,10.8,3.5,2003,-4.82,1
2002,12,17.5,-9.2,5.1,-2.1,2003,-4.43,1
2003,1,3.7,-5,10.7,2.9,2003,-4.93,2
2003,2,69.8,-5.7,6.8,0.6,2003,-4.12,2
2003,3,28.6,-4.3,10.1,2.9,2003,-3.88,2
2003,4,11.2,-3.4,12.9,4.7,2003,-3.73,3
2003,5,18.6,2.8,21.4,12.1,2003,-4.17,3
2003,6,1,5.9,26,15.9,2003,-4.6,3
2003,7,86.5,12,29.7,20.9,2003,-5.06,4
2003,8,77.1,10.8,25.7,18.3,2003,-4.99,4
2003,9,66.7,6.1,24,15.1,2003,-4.7,4
2003,10,3.6,1.4,20.6,11,2004,-4.79,1
2003,11,63.8,-4.6,8.7,2.1,2004,-4.03,1
2003,12,23.5,-8.1,6,-1,2004,-4,1
2004,1,19.3,-7.9,4.4,-1.8,2004,-3.96,2
2004,2,27,-9,3.6,-2.7,2004,-3.61,2
2004,3,18.8,-3,15,6,2004,-4.22,2
2004,4,46.2,-1.6,13.4,5.9,2004,-3.71,3
2004,5,0,1.5,21.3,11.4,2004,-4.23,3
2004,6,0.6,5.2,26,15.6,2004,-4.58,3
2004,7,37.6,8.9,27.3,18.1,2004,-4.89,4
2004,8,119.6,9.1,24.7,16.9,2004,-4.8,4
2004,9,44.9,4.6,22,13.3,2004,0.72,4
2004,10,89.3,-0.3,14.2,6.9,2005,1.25,1
2004,11,78.9,-4.7,7.6,1.5,2005,1.93,1
2004,12,118.7,-6.6,5.9,-0.3,2005,2.04,1
2005,1,167,-5.7,5.2,-0.2,2005,3.02,2
2005,2,106.4,-3.8,4.9,0.6,2005,4.27,2
2005,3,61.7,-4,9,2.5,2005,4.02,2
2005,4,54.7,-2.2,14.2,6,2005,4.08,3
2005,5,2.1,2.1,20.6,11.4,2005,4.28,3
2005,6,10.2,4.3,24.5,14.4,2005,4.57,3
2005,7,63.9,10,29.2,19.6,2005,-0.42,4
2005,8,86.8,9.8,24.5,17.1,2005,-0.13,4
2005,9,11.8,5.3,22.8,14,2005,-0.76,4
2005,10,40.5,0.2,16.9,8.6,2006,-0.81,1
2005,11,5.1,-5.2,12.7,3.7,2006,-1.53,1
2005,12,0.3,-8.8,8.8,0,2006,-2.24,1
2006,1,5.9,-9.4,7.7,-0.8,2006,-2.9,2
2006,2,2.3,-7.7,10.2,1.2,2006,-3.76,2
2006,3,55.1,-6.2,7.1,0.4,2006,-3.34,2
2006,4,25.3,-2,15.7,6.8,2006,-3.52,3
2006,5,2.2,2.4,22.5,12.4,2006,-4.59,3
2006,6,16.6,7.9,27.9,17.9,2006,-5.29,3
2006,7,103.6,12.4,27.4,19.9,2006,-4.64,4
2006,8,72,9.9,24.4,17.2,2006,-4.29,4
2006,9,31.5,3.9,20.9,12.4,2006,-3.8,4
2006,10,64.9,-1.1,15.2,7.1,2007,-2.88,1
2006,11,1.5,-5.3,12.4,3.6,2007,-3.33,1
2006,12,15.5,-9.1,6.8,-1.1,2007,-3.49,1
2007,1,30.5,-10.4,3,-3.7,2007,-3.55,2
2007,2,20.7,-7,7.6,0.3,2007,-3.72,2
2007,3,13,-3.7,13.7,5,2007,-3.96,2
2007,4,9.6,-2,16,7,2007,-4.29,3
2007,5,3.6,2.1,21.3,11.7,2007,-4.63,3
2007,6,0.3,6.8,27.3,17.1,2007,-5.33,3
2007,7,72.7,12,28.6,20.3,2007,-4.9,4
2007,8,65.1,11.6,26.5,19.1,2007,-4.6,4
2007,9,73.6,5.9,22.7,14.3,2007,-4.46,4
2007,10,9.7,-0.1,17.5,8.7,2008,-4.7,1
2007,11,35.1,-3.8,14.4,5.3,2008,-4.88,1
2007,12,110,-10.8,4.2,-3.3,2008,-3.65,1
2008,1,100.4,-11.2,2.8,-4.2,2008,-2.41,2
2008,2,65.1,-8.3,7,-0.6,2008,-1.58,2
2008,3,1.1,-4.8,11.6,3.4,2008,-2.04,2
2008,4,0,-2.5,15.9,6.7,2008,-2.37,3
2008,5,29.7,0.5,17.9,9.2,2008,-1.78,3
2008,6,0.5,6.2,27,16.6,2008,-1.48,3
2008,7,59.8,12,27.4,19.7,2008,-1.3,4
2008,8,60.8,11.9,26.8,19.4,2008,-1.3,4
2008,9,17.6,5.4,24,14.7,2008,-1.81,4
2008,10,5.3,-0.9,19.1,9.1,2009,-2.13,1
2008,11,32.9,-2.7,13.3,5.3,2009,-2.2,1
2008,12,105.9,-7.8,6.2,-0.8,2009,-1.44,1
2009,1,18.5,-6.9,6.9,0,2009,-1.7,2
2009,2,37.6,-7.9,7.5,-0.2,2009,-1.81,2
2009,3,5.6,-4.6,12.3,3.9,2009,-2.39,2
2009,4,8.5,-2.8,14.5,5.9,2009,-2.72,3
2009,5,52.8,4.2,22.4,13.3,2009,-2.51,3
2009,6,9.2,5.6,22.9,14.3,2009,-2.67,3
2009,7,25.6,11.4,28.7,20,2009,-3.35,4
2009,8,18.9,8.6,27.9,18.2,2009,-4.44,4
2009,9,19.6,6.4,23.6,15,2009,-4.58,4
2009,10,5.4,-1.6,16,7.2,2010,-4.65,1
2009,11,22.4,-4.5,12.7,4.1,2010,-4.88,1
2009,12,72.4,-11.2,2.9,-4.2,2010,-4.21,1
2010,1,142.2,-9.1,5.2,-2,2010,-2.59,2
2010,2,46,-7.4,5.1,-1.2,2010,-1.92,2
2010,3,33.3,-5.7,9.2,1.8,2010,-1.7,2
2010,4,14.5,-3,13.5,5.2,2010,-1.71,3
2010,5,2.6,-0.3,18.4,9.1,2010,-1.49,3
2010,6,2.3,5.5,25.9,15.7,2010,-1.23,3
2010,7,151,12.2,27.6,19.9,2010,-0.67,4
2010,8,90.5,11,25,18,2010,-0.68,4
2010,9,20,5.7,25.6,15.6,2010,-1.15,4
2010,10,74.5,1.7,17,9.3,2011,-0.63,1
2010,11,45.6,-6.3,9.1,1.4,2011,-0.96,1
2010,12,86.4,-4.8,7.6,1.4,2011,-0.7,1
2011,1,1.5,-13.2,6.8,-3.2,2011,-1.34,2
2011,2,82.6,-9.6,4.9,-2.4,2011,-1.25,2
2011,3,24.2,-3.6,11.9,4.1,2011,-1.82,2
2011,4,28.9,-1.9,15,6.6,2011,-2.15,3
2011,5,22.1,0.1,17.6,8.9,2011,-2.32,3
2011,6,0,3.9,26,15,2011,-2.92,3
2011,7,58.8,10.6,27.5,19.1,2011,-2.8,4
2011,8,70.3,11.2,28,19.6,2011,-3.48,4
2011,9,85.4,6.1,23.7,14.9,2011,-2.87,4
2011,10,52.2,-0.5,17.8,8.6,2012,-2.68,1
2011,11,44.8,-4.6,9.2,2.3,2012,-2.43,1
2011,12,55,-10.4,4,-3.2,2012,-2.15,1
2012,1,10.7,-5.9,8.5,1.3,2012,-2.58,2
2012,2,25.2,-7.2,7,-0.1,2012,-2.86,2
2012,3,46,-5.6,11.6,3,2012,-3.06,2
2012,4,31.4,-1.5,16.8,7.6,2012,-3.44,3
2012,5,0,1.6,22.2,11.9,2012,-4.28,3
2012,6,0,7.2,28.1,17.6,2012,-5.03,3
2012,7,87.7,11.7,26.4,19,2012,-4.19,4
2012,8,65.9,11.3,26.5,18.9,2012,-3.93,4
2012,9,6.6,6.3,23.6,14.9,2012,-4.03,4
2012,10,26.2,0,19.3,9.6,2013,-4.31,1
2012,11,25.9,-5.1,13.6,4.2,2013,-4.57,1
2012,12,52.8,-9.2,5.1,-2,2013,-4,1
2013,1,67.1,-12.3,3.3,-4.5,2013,-3.43,2
2013,2,21.9,-9.6,5,-2.3,2013,-3.4,2
2013,3,35.1,-4.6,13.5,4.5,2013,-3.68,2
2013,4,3,-2.2,16.2,7,2013,-3.88,3
2013,5,5.8,0.9,20.5,10.7,2013,-4.22,3
2013,6,0.8,7.3,28.8,18,2013,-4.73,3
2013,7,192.4,12.2,26.6,19.4,2013,-3.47,4
2013,8,123.5,10.6,24.7,17.6,2013,-2.54,4
2013,9,82.6,6,21.9,13.9,2013,-1.63,4
2013,10,7.4,-2,15.5,6.8,2014,-1.87,1
2013,11,56.5,-4.3,10.3,3,2014,-1.01,1
2013,12,34.4,-9.8,4.8,-2.5,2014,-1.3,1
2014,1,4.3,-6.4,10.4,2,2014,-2.04,2
2014,2,11,-5.1,10.7,2.8,2014,-2.81,2
2014,3,31.5,-3.6,12.8,4.6,2014,-3.08,2
2014,4,31.8,-2.6,15.5,6.4,2014,-3.43,3
2014,5,3.1,1.5,19.9,10.7,2014,-4.05,3
2014,6,0,6.5,27.2,16.9,2014,-4.83,3
2014,7,109.9,11.8,27.6,19.7,2014,-4.9,4
2014,8,134.7,9.7,23.7,16.7,2014,-4.04,4
2014,9,78.8,7.5,23.1,15.3,2014,-3.25,4
2014,10,17.6,1.6,19.8,10.7,2015,-3.59,1
2014,11,15.3,-3.7,12.5,4.4,2015,-3.95,1
2014,12,87.4,-5.1,6.5,0.7,2015,-3.46,1
2015,1,55.7,-6,8.3,1.1,2015,-2.77,2
2015,2,53.9,-4.2,12.9,4.3,2015,-2.82,2
2015,3,94.7,-3,14.1,5.6,2015,-2.97,2
2015,4,27.8,-2.3,15,6.3,2015,-3.01,3
2015,5,45.8,1.2,16.1,8.7,2015,0.48,3
2015,6,43.2,7.9,26.5,17.2,2015,0.75,3
2015,7,70.6,9.9,25.3,17.6,2015,1.09,4
2015,8,76.9,10.7,26.6,18.6,2015,1.44,4
2015,9,31.7,7.4,24.1,15.8,2015,0.97,4
2015,10,94.6,2.6,17.2,9.9,2016,1.62,1
2015,11,71.9,-6.2,8.7,1.2,2016,1.59,1
2015,12,26.2,-9.8,5.4,-2.2,2016,-0.27,1
2016,1,86.6,-9.1,5.2,-2,2016,-0.3,2
2016,2,9.4,-7.1,12,2.4,2016,-1.02,2
2016,3,9.5,-4.5,13.7,4.6,2016,-1.96,2
2016,4,33,-1.4,14.5,6.6,2016,-2.12,3
2016,5,39.9,0.6,17.6,9.1,2016,-2.15,3
2016,6,31.5,7.8,28,17.9,2016,-2.73,3
2016,7,66,10.6,28,19.3,2016,-2.94,4
2016,8,161.2,9.2,24.2,16.7,2016,-2.11,4
2016,9,39,5.9,21.7,13.8,2016,-1.94,4
2016,10,17,1.6,19.1,10.4,2017,-2.43,1
2016,11,50.2,-4.2,11.6,3.7,2017,0.06,1
2016,12,112.2,-6.1,6.6,0.3,2017,0.52,1
2017,1,115.7,-5.6,3,-1.3,2017,1.37,2
2017,2,59.2,-3.4,7.7,2.1,2017,1.32,2
2017,3,45.6,-3.4,13.9,5.3,2017,-0.54,2
2017,4,4.3,-2,16.4,7.2,2017,-0.88,3
2017,5,20,1.2,19.4,10.3,2017,-0.65,3
2017,6,4.3,7.5,28.7,18.1,2017,-0.84,3
2017,7,113.8,12.1,27.4,19.7,2017,-0.16,4
2017,8,83.7,9.8,25.5,17.6,2017,-0.76,4
2017,9,10.8,5,22.5,13.8,2017,-1.14,4
2017,10,0,-0.1,20.1,9.9,2018,-1.94,1
2017,11,0.3,-2,15.4,6.7,2018,-2.88,1
2017,12,0,-6.9,10.7,1.9,2018,-3.6,1
