"TestID","SampleID","SiteID","PlotID","TreeID","Blank.Num","Failure","Drop","Quality","Velocity","MOR","MOE","MC","Dens","Ring","RPI","MOEd","Pith.Dist","Tree.Vel","CrownRatio","DBH","BA","GSL","Length","Width","Depth","WeightFullPiece","WeightAfterTest","WeightOD","Max.Load","PPL.Limit","PPL.Distance","Flitch.Max.Ring","Blank.Min.Ring","Blank.Max.Ring","Clear.Adj","HT","CBH","HT.2016","DBH.2016"
328,"TW-1-146-1","TW","1","1-146",1,1,"N",2,3219,57.0950456096955,4.05213144888428,12.8641382321752,0.470953108077373,5,7.27272727272727,4879.99773872652,0.6875,3.4,0.310416666666667,15.2,102.4317558,100,16,0.991,0.999,123.19,72.373,64.124,390,214,0.255,85,0,10,0.25,48,33.1,49.9,15.3149606299213
329,"TW-1-146-2","TW","1","1-146",2,2,"N",1,4161,55.5285816286821,5.2833762256548,12.6202190128551,0.410067600475986,20.5,12.3636363636364,7099.87803930078,2.0625,3.4,0.310416666666667,15.2,102.4317558,100,16,0.995,0.99,106.496,106.443,94.515,374,209,0.195,85,12,29,0.45,48,33.1,49.9,15.3149606299213
330,"TW-1-146-3","TW","1","1-146",3,2,"N",1,4812,63.0354215336479,7.14381902902581,12.6605891342151,0.412970875154847,40,13.0909090909091,9562.48267619154,3.4375,3.4,0.310416666666667,15.2,102.4317558,100,16.031,0.991,0.989,106.956,106.898,94.885,422,250,0.1738,85,31,49,0.6,48,33.1,49.9,15.3149606299213
331,"TW-1-146-4","TW","1","1-146",4,1,"N",1,4638,68.2326293246352,6.96752740697002,11.8596598431612,0.426501416605964,65.5,21.0909090909091,9174.49073867323,4.8125,3.4,0.310416666666667,15.2,102.4317558,100,16.062,0.997,0.983,109.882,109.835,98.19,454,234,0.1675,85,51,80,0,48,33.1,49.9,15.3149606299213
332,"TW-1-188-1","TW","1","1-188",1,3,"Y",2,5060,50.9978093481597,2.78879713971493,10.8562517259865,0.581687447060783,5.5,8,14893.2927195655,0.6875,3.26,0.585159169593786,13.5,102.4317558,100,16,0.99,0.999,149.299,68.242,61.559,348,182.5,0.31,86,0,11,0.9,54.7197824712,22.7,57,13.9763779527559
333,"TW-1-188-2","TW","1","1-188",2,3,"N",2,6567,46.2867317630356,3.92654857346258,12.0943375111907,0.457224965678427,20.5,12.3636363636364,19718.0502278904,2.0625,3.26,0.585159169593786,13.5,102.4317558,100,16,1.003,0.999,120.222,120.201,107.232,320,175,0.211,86,12,29,0.25,54.7197824712,22.7,57,13.9763779527559
334,"TW-1-188-3","TW","1","1-188",3,3,"N",1,4307,59.9687974958475,4.95863146667633,11.8450258255225,0.4017568088487,39,10.1818181818182,7452.68884158878,3.4375,3.26,0.585159169593786,13.5,102.4317558,100,16,1.008,1.003,106.352,106.321,95.061,420,220,0.206,86,32,46,0.4,54.7197824712,22.7,57,13.9763779527559
335,"TW-1-188-4","TW","1","1-188",4,1,"N",2,4552,64.4445281608824,5.74126800469258,11.4734914012415,0.416146071183334,59.5,15.2727272727273,8622.83956175279,4.8125,3.26,0.585159169593786,13.5,102.4317558,100,16,1.007,1.002,109.577,109.545,98.27,450,224,0.1812,86,49,70,0,54.7197824712,22.7,57,13.9763779527559
326,"TW-1-44-1","TW","1","1-44",1,5,"N",3,3223,48.7924826059419,3.56651068353846,12.0037878787879,0.505309673355456,10,14.5454545454545,5249.019947895,0.6875,3.56,0.664780539931885,12,102.4317558,100,16.062,1.001,1.001,133.273,59.138,52.8,338,215,0.284,88,0,20,0.4,49.5197981544,16.6,56.9,12.7952755905512
214,"TW-1-44-2","TW","1","1-44",2,2,"N",2,4562,69.5743963636364,7.34074254085512,12.9820440942496,0.450803501996593,39,26.1818181818182,9382.05215820678,2.0625,3.56,0.664780539931885,12,102.4317558,100,16,1.001,1,119.353,119.3,105.592,481,252,0.1638,88,21,57,0.05,49.5197981544,16.6,56.9,12.7952755905512
327,"TW-1-44-3","TW","1","1-44",3,2,"N",1,4704,68.4701559618525,7.75385695460858,12.9560538821034,0.435712770854264,70.5,16.7272727272727,9641.28487975914,3.4375,3.56,0.664780539931885,12,102.4317558,100,16,1.002,0.997,115.1,115.048,101.852,471,248,0.1538,88,59,82,0,49.5197981544,16.6,56.9,12.7952755905512
270,"TW-10-187-1","TW","10","10-187",1,2,"N",2,4763,79.8653221192012,7.74073863439903,12.5291743552151,0.510871083567804,12.5,18.1818181818182,11589.7077390323,0.6875,4.37,0.283636363636364,7.9,168.7529412,150,16,0.998,0.995,133.639,133.553,118.683,545,274,0.1712,83,0,25,0.85,55,39.4,55,8.11023622047244
272,"TW-10-187-2","TW","10","10-187",2,2,"N",1,5149,95.0391925185448,10.1386150837193,12.6440468648506,0.539387708578671,46.5,28.3636363636364,14300.3553467671,2.0625,4.37,0.283636363636364,7.9,168.7529412,150,16,0.995,0.993,140.535,140.466,124.699,644,332,0.16,83,27,66,0.8,55,39.4,55,8.11023622047244
251,"TW-10-367-1","TW","10","10-367",1,2,"N",2,4250,65.5380277567298,7.3681968741673,12.2486305079328,0.481853566582778,11,16,8703.48004640142,0.6875,4.13,0.0980059669343718,9.5,168.7529412,150,15.938,1.003,1,126.507,126.429,112.633,454,226,0.145,83,0,22,0.2,42.0180163179,37.9,58.4,9.96062992125984
252,"TW-10-367-2","TW","10","10-367",2,2,"N",1,4937,78.8484851990158,8.56043295002602,12.8940291930102,0.4858319299552,45.5,22.5454545454545,11841.6523999382,2.0625,4.13,0.0980059669343718,9.5,168.7529412,150,15.938,0.991,0.991,125.609,125.528,111.191,530,318,0.1838,83,30,61,0,42.0180163179,37.9,58.4,9.96062992125984
273,"TW-10-391-1","TW","10","10-391",1,5,"N",3,3272,58.5297415981831,4.56542486986044,12.4148341560932,0.617077689378307,10.5,15.2727272727273,6606.42386924112,0.6875,3.78,0.268376068376068,8.6,168.7529412,150,15.938,0.991,0.998,159.987,110.216,98.044,399,214,0.226,88,0,21,0,58.5,42.8,58.5,9.01574803149606
269,"TW-10-391-2","TW","10","10-391",2,2,"N",1,5045,86.4815105967923,7.45809402223737,12.8619705426488,0.51172246218727,46.5,26.9090909090909,13024.372900652,2.0625,3.78,0.268376068376068,8.6,168.7529412,150,15.938,0.999,0.991,133.333,133.255,118.069,586,304,0.2,88,28,65,0,58.5,42.8,58.5,9.01574803149606
155,"TW-11-185-1","TW","11","11-185",1,3,"Y",3,4304,38.0471070069021,2.51073278261118,10.200765399101,0.783911009658843,5.5,8,14521.4936499004,0.6875,3.54,0.418005820100755,12.7,109.8897372,80,15.938,0.994,0.99,198.242,72.565,65.848,256,153.8,0.295,75,0,11,0,50.34414606186,29.3,63.8,13.4251968503937
134,"TW-11-185-2","TW","11","11-185",2,1,"N",2,4951,75.985364455906,5.69125905997224,10.0776678015767,0.516770514687231,26,18.9090909090909,12667.2860809898,2.0625,3.54,0.418005820100755,12.7,109.8897372,80,16,0.999,0.994,132.238,132.233,120.127,518,260,0.216,75,13,39,0,50.34414606186,29.3,63.8,13.4251968503937
131,"TW-11-185-3","TW","11","11-185",3,1,"N",1,4633,90.3518794808752,8.57156794913561,11.1634962636075,0.50163662074495,52,17.4545454545455,10767.4740553013,3.4375,3.54,0.418005820100755,12.7,109.8897372,80,16,0.997,0.991,128.981,128.973,116.021,611,255,0.1438,75,40,64,0,50.34414606186,29.3,63.8,13.4251968503937
146,"TW-11-60-1","TW","11","11-60",1,5,"N",4,3448,37.0821210804963,5.01209399089519,8.18710118505014,0.608381908366589,5,7.27272727272727,7232.8724275255,0.6875,4.09,0.504993463105183,15.3,109.8897372,80,16.031,0.996,0.988,151.922,151.912,140.416,249,218,0.206,91,0,10,0.3,58.98911998854,29.2,63.7,16.3779527559055
145,"TW-11-60-2","TW","11","11-60",2,2,"N",2,4617,99.728783662698,8.97822821934997,8.60192086733642,0.59002504455452,27,21.8181818181818,12577.3803769798,2.0625,4.09,0.504993463105183,15.3,109.8897372,80,16.031,0.991,0.99,147.458,147.451,135.772,669,359,0.19,91,12,42,0.3,58.98911998854,29.2,63.7,16.3779527559055
137,"TW-11-60-3","TW","11","11-60",3,2,"N",1,5218,100.667379750056,10.2262455331672,9.72548772912062,0.549379832887295,55,14.5454545454545,14958.2525850548,3.4375,4.09,0.504993463105183,15.3,109.8897372,80,16.031,0.999,0.988,139.557,139.539,127.171,678,405,0.19,91,45,65,0,58.98911998854,29.2,63.7,16.3779527559055
139,"TW-11-60-4","TW","11","11-60",4,2,"N",2,5163,101.461945402328,9.4609647577323,8.10819370981536,0.547699834613173,77.5,13.8181818181818,14599.7984326546,4.8125,4.09,0.504993463105183,15.3,109.8897372,80,16.031,0.993,0.99,136.533,136.532,126.292,682,376,0.1875,91,68,87,0,58.98911998854,29.2,63.7,16.3779527559055
117,"TW-11-73-1","TW","11","11-73",1,5,"N",3,2820,42.6110724956914,3.60889728603525,9.83112280082755,0.574093664381175,5.5,8,4565.42245662486,0.6875,3.48,0.463265306122449,11.3,109.8897372,80,16.031,0.997,1.001,147.6,68.483,62.353,294,202,0.259,64,0,11,0.3,49,26.3,52.1,11.7716535433071
154,"TW-11-73-2","TW","11","11-73",2,1,"N",1,4812,90.327927828907,8.10466981229724,11.1887539238433,0.475769595580693,29,20.3636363636364,11016.6086504118,2.0625,3.48,0.463265306122449,11.3,109.8897372,80,16.031,0.994,0.991,122.226,122.202,109.905,609,305,0.1825,64,15,43,0.25,49,26.3,52.1,11.7716535433071
156,"TW-12-21-1","TW","12","12-21",1,3,"Y",4,4687,29.3967420496843,1.94206261996081,9.15236034556279,0.565441802518008,4,5.81818181818182,12421.6079890197,0.6875,3.67,0.298231526400454,14.9,133.5108294,120,15.989,0.995,0.995,142.948,69.112,63.317,200,151.2,0.365,87,0,8,0,58.85131856688,41.3,76.9,15.0787401574803
149,"TW-12-21-2","TW","12","12-21",2,1,"N",2,3341,53.5020705304254,3.59151094567711,10.8717171717172,0.427559667901868,18.5,12.3636363636364,4772.54115738734,2.0625,3.67,0.298231526400454,14.9,133.5108294,120,15.989,0.995,0.995,109.792,109.763,99,364,191.2,0.254,87,10,27,0.8,58.85131856688,41.3,76.9,15.0787401574803
150,"TW-12-21-3","TW","12","12-21",3,1,"N",1,4721,76.3875450213703,7.10944443280127,10.9419326680818,0.436318779949797,37.5,13.8181818181818,9724.60359283507,3.4375,3.67,0.298231526400454,14.9,133.5108294,120,16,0.998,0.989,111.849,111.845,100.814,515,275,0.1875,87,28,47,0.25,58.85131856688,41.3,76.9,15.0787401574803
151,"TW-12-21-4","TW","12","12-21",4,2,"N",2,5077,83.7184826594875,8.42337892635247,10.7612704354049,0.471762303295695,61.5,16.7272727272727,12160.1116346263,4.8125,3.67,0.298231526400454,14.9,133.5108294,120,16,0.997,0.99,120.739,120.732,109.002,565,314,0.18,87,50,73,0.1,58.85131856688,41.3,76.9,15.0787401574803
152,"TW-12-238-1","TW","12","12-238",1,3,"Y",4,5305,34.3694712289721,2.42647066582331,10.1326984349287,0.492391501747707,5,7.27272727272727,13857.3863434733,0.6875,3.58,0.152230639087834,11.5,133.5108294,120,16,1.005,0.969,123.63,62.91,57.122,224,126.2,0.264,75,0,10,0,47.0646874488,39.9,62.5,11.9685039370079
164,"TW-12-238-2","TW","12","12-238",2,1,"N",1,4078,71.7883682879667,5.89967418492379,10.7598681430141,0.463163423447618,23,16,7702.44663766145,2.0625,3.58,0.152230639087834,11.5,133.5108294,120,15.938,0.996,0.99,117.959,117.936,106.479,484,249,0.204,75,12,34,0,47.0646874488,39.9,62.5,11.9685039370079
165,"TW-12-238-3","TW","12","12-238",3,2,"N",1,4725,84.1207154465071,8.31007435968289,10.1165286455392,0.501089468563252,48,16,11187.1355665925,3.4375,3.58,0.152230639087834,11.5,133.5108294,120,15.938,0.996,0.989,126.749,126.721,115.079,566,304,0.1762,75,37,59,0,47.0646874488,39.9,62.5,11.9685039370079
147,"TW-12-296-1","TW","12","12-296",1,3,"N",3,5391,42.0927012973184,2.89527821431293,9.44852390229282,0.51001356942895,5,7.27272727272727,14822.4636766988,0.6875,4.07,0.270863102844676,10.9,133.5108294,120,15.989,1.005,1.015,133.209,58.428,53.384,301,188.8,0.286,77,0,10,0,44.98469372208,32.8,65.7,11.2992125984252
148,"TW-12-296-2","TW","12","12-296",2,2,"N",1,5409,115.875305610187,9.93056530275041,10.613151875758,0.547476613123725,28.5,22.5454545454545,16017.6771110891,2.0625,4.07,0.270863102844676,10.9,133.5108294,120,15.938,0.983,0.979,135.903,135.896,122.857,754,434,0.221,77,13,44,0.1,44.98469372208,32.8,65.7,11.2992125984252
140,"TW-13-133-1","TW","13","13-133",1,5,"N",4,4740,16.2405779856349,2.98370435529488,11.0058475319093,0.72606516705541,4,5.81818181818182,16312.9417473341,0.6875,4.02,0.216446367026615,11.3,113.5882764,100,16,1.002,0.978,184.899,184.898,166.566,107.5,107.5,0.18,91,0,8,0.95,47.09313880656,36.9,62,11.7716535433071
136,"TW-13-133-2","TW","13","13-133",2,2,"N",2,4390,69.7201546933786,7.16133599545207,10.5718254755762,0.450729996663483,25.5,22.5454545454545,8686.51356869832,2.0625,4.02,0.216446367026615,11.3,113.5882764,100,16,1.005,0.998,117.021,117.006,105.819,482,236,0.1538,91,10,41,0.95,47.09313880656,36.9,62,11.7716535433071
138,"TW-13-133-3","TW","13","13-133",3,2,"N",3,5338,81.6527226022512,8.99247730834785,10.5894938134863,0.492217265749016,53.5,15.2727272727273,14025.3588712653,3.4375,4.02,0.216446367026615,11.3,113.5882764,100,15.989,0.999,0.997,126.835,116.819,105.633,560,265,0.1388,91,43,64,0.95,47.09313880656,36.9,62,11.7716535433071
133,"TW-13-176-1","TW","13","13-176",1,3,"Y",1,3904,54.5482747136031,4.73464034991308,11.9422449930135,0.382638598319901,5,7.27272727272727,5831.87752693086,0.6875,NA,NA,10,113.5882764,100,16,0.994,0.994,99.074,48.068,42.94,370,220,0.225,76,0,10,0.8,NA,NA,NA,NA
162,"TW-13-176-2","TW","13","13-176",2,2,"N",1,4690,75.8963576034524,8.75985137007194,12.2500217114976,0.543852099031368,29.5,25.4545454545455,11962.6251555039,2.0625,NA,NA,10,113.5882764,100,16,0.998,0.997,142.199,142.177,126.661,520,258,0.1412,76,12,47,0,NA,NA,NA,NA
142,"TW-13-94-1","TW","13","13-94",1,5,"N",3,6457,31.3174643287938,4.4636200430938,8.92629028222247,0.580066040278054,10,14.5454545454545,24184.6058273408,0.6875,4.24,0.453448275862069,10.6,113.5882764,100,16,1,0.997,147.474,82.711,75.933,215,137.5,0.1425,80,0,20,0.1,58,31.7,60.4,11.3779527559055
141,"TW-13-94-2","TW","13","13-94",2,2,"N",1,5145,95.136891634534,10.0389933327622,10.7609396051784,0.527135288059438,39.5,21.0909090909091,13953.8113886036,2.0625,4.24,0.453448275862069,10.6,113.5882764,100,15.938,0.992,0.98,132.363,132.356,119.497,626,306,0.1525,80,25,54,0,58,31.7,60.4,11.3779527559055
276,"TW-13-94-3","TW","13","13-94",3,2,"N",1,5266,94.5282481128506,9.02550065403577,11.6357104951627,0.537622310524438,68.5,16.7272727272727,14908.6731133094,3.4375,4.24,0.453448275862069,10.6,113.5882764,100,15.938,0.991,0.986,136.757,136.737,122.485,629,282,0.155,80,57,80,0,58,31.7,60.4,11.3779527559055
116,"TW-14-189-1","TW","14","14-189",1,3,"N",2,2747,49.7623402872451,3.13453480240164,11.2481951135827,0.544297896455721,6,8.72727272727273,4107.27682533594,0.6875,3.3,0.472131147540984,13.4,104.9984082,80,16.031,1.01,1.007,144.453,77.817,69.949,352,182.5,0.265,87,0,12,0.75,61,32.2,65.7,14.3307086614173
115,"TW-14-189-2","TW","14","14-189",2,3,"N",1,4319,54.1338334995015,6.15563738340975,12.8318989795785,0.51211133621171,27,18.9090909090909,9552.80247108389,2.0625,3.3,0.472131147540984,13.4,104.9984082,80,16,1.003,1,135.675,86.137,76.341,375,225,0.1738,87,14,40,0.85,61,32.2,65.7,14.3307086614173
277,"TW-14-189-3","TW","14","14-189",3,1,"N",1,4430,63.612448128694,6.53371320906228,13.2823599944154,0.507531404222014,51.5,15.2727272727273,9960.25305471661,3.4375,3.3,0.472131147540984,13.4,104.9984082,80,16.062,1.009,1.012,137.968,137.936,121.763,454,271,0.19,87,41,62,0.9,61,32.2,65.7,14.3307086614173
278,"TW-14-189-4","TW","14","14-189",4,2,"N",2,4339,74.2514035776071,6.10045236960068,12.983471627409,0.505814277328935,72,11.6363636363636,9522.92543994395,4.8125,3.3,0.472131147540984,13.4,104.9984082,80,16.031,1.004,1.004,135.119,135.074,119.552,519,258,0.1988,87,64,80,0.8,61,32.2,65.7,14.3307086614173
123,"TW-14-212-1","TW","14","14-212",1,1,"N",1,4340,82.4686146139074,7.6362823560628,10.0328350198115,0.540736159416178,13,18.9090909090909,10185.0900042994,0.6875,3.78,0.559016393442623,14,104.9984082,80,16,1.003,0.998,139.427,139.405,126.694,569,310,0.1888,85,0,26,0.95,61,26.9,66.7,14.8818897637795
118,"TW-14-212-2","TW","14","14-212",2,2,"N",1,4512,74.5086327278953,7.96417288345992,12.0820472679078,0.481770869041893,40,11.6363636363636,9807.96072696001,2.0625,3.78,0.559016393442623,14,104.9984082,80,16,1.001,0.996,126.03,126.006,112.423,511,208,0.125,85,32,48,0.95,61,26.9,66.7,14.8818897637795
119,"TW-14-212-3","TW","14","14-212",3,2,"N",1,4755,79.2678802001517,8.13293223014351,11.8349881446354,0.463193540519339,55,8.72727272727273,10472.8175309808,3.4375,3.78,0.559016393442623,14,104.9984082,80,16,1.002,0.994,120.781,120.746,107.968,542,250,0.1475,85,49,61,0,61,26.9,66.7,14.8818897637795
120,"TW-14-212-4","TW","14","14-212",4,2,"N",1,5030,88.1266830784166,9.1485398001371,11.391138596355,0.495410410444772,69.5,9.45454545454546,12534.3292536221,4.8125,3.78,0.559016393442623,14,104.9984082,80,16.031,1.002,0.996,129.178,129.148,115.941,605,289,0.15,85,63,76,0,61,26.9,66.7,14.8818897637795
121,"TW-14-237-1","TW","14","14-237",1,3,"N",1,4078,68.2492276435346,6.44600717926431,10.0841619438694,0.489380089932215,9,13.0909090909091,8138.43200350029,0.6875,3.62,0.41388490952585,14.8,104.9984082,80,16,0.996,0.992,124.609,64.877,58.934,462,281,0.208,76,0,18,0.7,57.32662500264,33.6,65.1,16.0236220472441
122,"TW-14-237-2","TW","14","14-237",2,2,"N",1,5215,81.2656274826854,8.47810274419795,11.5483647463086,0.459974060001295,34.5,13.8181818181818,12509.5580299587,2.0625,3.62,0.41388490952585,14.8,104.9984082,80,16,0.997,0.995,119.157,119.137,106.803,554,252,0.1425,76,25,44,0,57.32662500264,33.6,65.1,16.0236220472441
129,"TW-14-237-3","TW","14","14-237",3,2,"N",1,5005,75.412067163705,7.75236256104872,11.02310032226,0.430250708336222,51.5,8,10777.7910000901,3.4375,3.62,0.41388490952585,14.8,104.9984082,80,16,0.997,0.992,110.598,110.589,99.609,511,294,0.1825,76,46,57,0,57.32662500264,33.6,65.1,16.0236220472441
128,"TW-14-237-4","TW","14","14-237",4,2,"N",1,5093,65.5622587459488,8.16401333501654,9.98497078759044,0.430104413826948,67,11.6363636363636,11156.3274236079,4.8125,3.62,0.41388490952585,14.8,104.9984082,80,16,1,0.998,110.521,110.503,100.471,451,256,0.1462,76,59,75,0,57.32662500264,33.6,65.1,16.0236220472441
279,"TW-15-139-1","TW","15","15-139",1,3,"N",2,4180,31.888265,2.09041281681419,13.2790591374603,0.623444659277703,3.5,5.09090909090909,10893.0744647637,0.6875,3.29,0.584134453863796,16.6,74.8590588,60,15.989,1.008,1,166.537,91.696,80.947,222,141.2,0.321,82,0,7,0.25,59.87512125336,24.9,60.6,17.4015748031496
280,"TW-15-139-2","TW","15","15-139",2,1,"N",2,5407,45.8835886961814,2.71539720438379,11.8403887965213,0.503217576949521,14,7.27272727272727,14711.8924503267,2.0625,3.29,0.584134453863796,16.6,74.8590588,60,16,0.998,0.998,131.226,131.172,117.285,315,131.2,0.23,82,9,19,0.35,59.87512125336,24.9,60.6,17.4015748031496
281,"TW-15-139-3","TW","15","15-139",3,1,"N",1,4162,74.0767838730261,5.77825444920839,12.241779629187,0.503159405140922,29,11.6363636363636,8715.84998674591,3.4375,3.29,0.584134453863796,16.6,74.8590588,60,16,1.001,0.994,131.548,131.489,117.148,506,254,0.212,82,21,37,0.2,59.87512125336,24.9,60.6,17.4015748031496
282,"TW-15-139-4","TW","15","15-139",4,2,"N",1,4531,76.6265150965307,6.13664794530237,11.5502533859943,0.475773211655091,46,10.1818181818182,9767.60548012377,4.8125,3.29,0.584134453863796,16.6,74.8590588,60,16,1,0.996,123.747,123.707,110.898,525,256,0.1988,82,39,53,0,59.87512125336,24.9,60.6,17.4015748031496
283,"TW-15-139-5","TW","15","15-139",5,1,"N",2,4582,70.7287942558644,6.47157805861713,12.070615470147,0.468384639717514,66,17.4545454545455,9833.60623670865,6.1875,3.29,0.584134453863796,16.6,74.8590588,60,16,1.003,0.998,123.007,122.965,109.721,488,271,0.1988,82,54,78,0,59.87512125336,24.9,60.6,17.4015748031496
127,"TW-15-36-1","TW","15","15-36",1,3,"N",2,2920,55.3771859799994,3.2421961772364,8.60789438540932,0.4859327903293,7.5,10.9090909090909,4143.25734346375,0.6875,3.23,0.553944885625283,15.1,74.8590588,60,16,0.993,0.995,122.073,56.929,52.417,376,163.8,0.236,77,0,15,0.65,55.15013550396,24.6,61.3,16.6535433070866
126,"TW-15-36-2","TW","15","15-36",2,3,"Y",3,5985,43.6829195312264,3.51096745881426,11.5914263869726,0.491473102469106,25,11.6363636363636,17604.6771118914,2.0625,3.23,0.553944885625283,15.1,74.8590588,60,16,0.997,0.992,126.982,126.981,113.791,296,171.2,0.236,77,17,33,0,55.15013550396,24.6,61.3,16.6535433070866
125,"TW-15-36-3","TW","15","15-36",3,2,"N",3,3934,60.604334240868,5.32865794431461,10.9774479679981,0.449221350785864,41.5,9.45454545454546,6952.30954756291,3.4375,3.23,0.553944885625283,15.1,74.8590588,60,15.938,0.999,0.989,114.862,114.855,103.494,409,220,0.2,77,35,48,0,55.15013550396,24.6,61.3,16.6535433070866
284,"TW-15-36-4","TW","15","15-36",4,2,"N",2,4512,68.8652745074627,6.01065450492631,11.8320155747149,0.428034721382952,56.5,12.3636363636364,8713.99249491401,4.8125,3.23,0.553944885625283,15.1,74.8590588,60,16,1.005,1,112.62,112.588,100.676,478,251,0.1962,77,48,65,0,55.15013550396,24.6,61.3,16.6535433070866
124,"TW-15-76-1","TW","15","15-76",1,3,"N",2,3569,72.6847705165024,5.10235989383557,9.76592323061678,0.519705123327185,7.5,10.9090909090909,6619.8796514172,0.6875,3.84,0.558677126292904,15,74.8590588,60,16,0.994,0.997,132.347,67.573,61.561,496,250,0.23,86,0,15,0,54.835136454,24.2,66.1,16.2992125984252
130,"TW-15-76-2","TW","15","15-76",2,2,"N",1,4727,84.414290445478,7.55593664023628,10.3459373965498,0.469713525859594,28,17.4545454545455,10495.5275002619,2.0625,3.84,0.558677126292904,15,74.8590588,60,16,0.997,0.992,120.006,119.999,108.748,572,332,0.21,86,16,40,0.25,54.835136454,24.2,66.1,16.2992125984252
163,"TW-15-76-3","TW","15","15-76",3,2,"N",1,4933,79.2616535564272,8.48003848105938,12.0232613600924,0.458943932207663,48.5,10.9090909090909,11168.1660699241,3.4375,3.84,0.558677126292904,15,74.8590588,60,16,1.009,1.006,122.169,122.13,109.022,559,260,0.1412,86,41,56,0,54.835136454,24.2,66.1,16.2992125984252
285,"TW-15-76-4","TW","15","15-76",4,2,"N",1,4907,82.8179651228823,8.03884783389247,11.9429179223542,0.479614569836599,64.5,9.45454545454546,11548.4708823815,4.8125,3.84,0.558677126292904,15,74.8590588,60,16,1.003,1.002,126.317,126.294,112.82,576,296,0.1725,86,58,71,0,54.835136454,24.2,66.1,16.2992125984252
381,"TW-16-34-1","TW","16","16-34",1,3,"N",2,2975,52.0286806429501,3.40082537948089,10.5182203694387,0.559744472264726,7,10.1818181818182,4954.08841983799,0.6875,3.43,0.738805970149254,19.4,55.9505862,30,16,1.015,0.999,146.846,76.882,69.565,364,226,0.306,86,0,14,0.1,67,17.5,71.2,20.748031496063
382,"TW-16-34-2","TW","16","16-34",2,1,"N",1,4624,80.0352908951088,6.57731500644746,12.6291530302771,0.499360332411707,27.5,15.2727272727273,10677.0110267797,2.0625,3.43,0.738805970149254,19.4,55.9505862,30,16,1.003,0.996,131.531,131.463,116.722,550,255,0.1862,86,17,38,0,67,17.5,71.2,20.748031496063
383,"TW-16-34-3","TW","16","16-34",3,1,"N",1,4697,89.1455263684735,8.62762665560421,12.1641554321967,0.540349188282968,45.5,8,11921.0805852039,3.4375,3.43,0.738805970149254,19.4,55.9505862,30,16,1,0.997,141.458,141.439,126.1,612,318,0.1762,86,40,51,0.2,67,17.5,71.2,20.748031496063
384,"TW-16-34-4","TW","16","16-34",4,1,"N",1,4429,83.6546902141573,7.87716733951229,12.0732046587517,0.553201155468282,57,5.81818181818182,10851.6165469132,4.8125,3.43,0.738805970149254,19.4,55.9505862,30,16.031,1.012,1.013,149.08,149.054,132.997,600,302,0.1725,86,53,61,0.25,67,17.5,71.2,20.748031496063
385,"TW-16-34-5","TW","16","16-34",5,1,"N",3,4545,79.557348605844,7.78089291774785,12.0452217757819,0.525893872601111,69,8.72727272727273,10863.402873668,6.1875,3.43,0.738805970149254,19.4,55.9505862,30,16.031,1.014,1.015,142.246,142.219,126.93,574,242,0.1388,86,63,75,0,67,17.5,71.2,20.748031496063
367,"TW-16-44-1","TW","16","16-44",1,1,"Y",3,4362,40.0510331458017,2.460029787732,10.8112993183227,0.668431610959032,3,4.36363636363636,12718.2776727084,0.6875,3.18,0.753333333333333,21.8,55.9505862,30,16.031,1.001,1.002,174.257,85.83,77.456,278,167.5,0.316,85,0,6,0,75,18.5,79.6,23.4251968503937
368,"TW-16-44-2","TW","16","16-44",2,1,"N",1,6318,57.0209712861416,4.23241581663826,11.7766761197584,0.590590242809077,12.5,8,23574.6639554,2.0625,3.18,0.753333333333333,21.8,55.9505862,30,16,1.003,1,155.004,154.899,138.579,395,192.5,0.214,85,7,18,0,75,18.5,79.6,23.4251968503937
369,"TW-16-44-3","TW","16","16-44",3,2,"N",2,4410,75.6431108821079,7.55975414842512,12.7047682339259,0.500393043681426,28,11.6363636363636,9731.69395282074,3.4375,3.18,0.753333333333333,21.8,55.9505862,30,16.031,1.015,1.011,135.742,135.674,120.38,542,281,0.1688,85,20,36,0,75,18.5,79.6,23.4251968503937
370,"TW-16-44-4","TW","16","16-44",4,1,"N",1,4130,62.9136863700576,6.64092415482448,13.6358278324128,0.504658143287257,41,4.36363636363636,8607.90348423642,4.8125,3.18,0.753333333333333,21.8,55.9505862,30,16.031,1,1.004,135.048,134.963,118.768,438,236,0.1688,85,38,44,0,75,18.5,79.6,23.4251968503937
371,"TW-16-44-5","TW","16","16-44",5,2,"N",2,4808,69.8934282327133,8.09818782075193,12.1999582550616,0.486511818132143,50.5,6.54545454545455,11246.6275341535,6.1875,3.18,0.753333333333333,21.8,55.9505862,30,16,1.005,1.005,129.069,129.012,114.984,490,281,0.1612,85,46,55,0,75,18.5,79.6,23.4251968503937
372,"TW-16-44-6","TW","16","16-44",6,2,"N",1,4829,73.4929657944261,7.93750417046515,12.7348841223944,0.500697074238314,61,7.27272727272727,11675.8757421581,7.5625,3.18,0.753333333333333,21.8,55.9505862,30,16.031,0.993,0.994,130.681,130.609,115.855,498,258,0.1588,85,56,66,0,75,18.5,79.6,23.4251968503937
380,"TW-16-44-7","TW","16","16-44",7,3,"N",2,4849,85.323199039752,8.82654819851562,12.4890744877149,0.528734103392064,73.5,8,12432.019754971,8.9375,3.18,0.753333333333333,21.8,55.9505862,30,16.062,0.999,0.996,139.077,138.996,123.564,584,314,0.1713,85,68,79,0,75,18.5,79.6,23.4251968503937
360,"TW-16-55-1","TW","16","16-55",1,1,"Y",4,3868,67.9116601913835,4.87275379364568,11.1908128027441,0.51191308027434,5,7.27272727272727,7658.94864513043,0.6875,3.26,0.675004043616,20.9,55.9505862,30,16,1.003,1.008,134.72,95.951,86.294,478,255,0.239,82,0,10,0.9,66.15466924332,21.5,70.8,22.2047244094488
361,"TW-16-55-2","TW","16","16-55",2,1,"N",2,3868,62.3436034080174,6.10224317108265,12.0309597020859,0.530372459635272,21,14.5454545454545,7935.12724652619,2.0625,3.26,0.675004043616,20.9,55.9505862,30,15.938,1,0.997,138.144,138.086,123.257,428,238,0.1862,82,11,31,0.95,66.15466924332,21.5,70.8,22.2047244094488
362,"TW-16-55-3","TW","16","16-55",3,2,"N",2,4197,58.2066094253635,5.63448282731886,12.0155590342014,0.45355089885395,35,2.90909090909091,7989.21245509065,3.4375,3.26,0.675004043616,20.9,55.9505862,30,16,0.998,0.996,118.222,118.07,105.405,398,210,0.1788,82,33,37,0.95,66.15466924332,21.5,70.8,22.2047244094488
363,"TW-16-55-4","TW","16","16-55",4,2,"N",3,4241,57.887835945468,5.41001573380139,11.817305252474,0.421376017027368,42,4.36363636363636,7578.90317371162,4.8125,3.26,0.675004043616,20.9,55.9505862,30,15.969,1.004,0.997,110.197,110.168,98.525,399,218,0.1912,82,39,45,0,66.15466924332,21.5,70.8,22.2047244094488
364,"TW-16-55-5","TW","16","16-55",5,1,"N",1,4372,60.7650203011233,5.87612049725598,11.911226071418,0.433692273538333,49,4.36363636363636,8289.76065424474,6.1875,3.26,0.675004043616,20.9,55.9505862,30,16,1,0.998,113.394,113.356,101.291,418,221,0.1788,82,46,52,0,66.15466924332,21.5,70.8,22.2047244094488
365,"TW-16-55-6","TW","16","16-55",6,1,"N",2,4217,68.4614336489911,7.18996895430174,11.950500321891,0.539244396592589,57,5.81818181818182,9589.43109735731,7.5625,3.26,0.675004043616,20.9,55.9505862,30,16,1,0.997,140.9,140.855,125.819,470,260,0.1725,82,53,61,0,66.15466924332,21.5,70.8,22.2047244094488
366,"TW-16-55-7","TW","16","16-55",7,1,"N",3,4549,62.839031031415,6.7830678347877,12.9124833899306,0.462703689548759,74.5,16.7272727272727,9574.91299201198,8.9375,3.26,0.675004043616,20.9,55.9505862,30,16,1.002,0.999,122.428,122.361,108.368,434,252,0.1775,82,63,86,0,66.15466924332,21.5,70.8,22.2047244094488
313,"TW-17-117-1","TW","17","17-117",1,1,"N",2,6567,51.8543408333333,3.39324588815709,11.5872987445601,0.473390157241755,7,10.1818181818182,20415.1820188376,0.6875,3.35,0.481238413686005,15.4,65.104398,60,16,1.008,1,124.652,124.614,111.674,361,188.8,0.26,86,0,14,0,56.09513265384,29.1,63.1,16.496062992126
314,"TW-17-117-2","TW","17","17-117",2,1,"N",2,3870,65.1699320958084,5.73061181572148,12.6039555844894,0.469057202507292,27,17.4545454545455,7025.02281623147,2.0625,3.35,0.481238413686005,15.4,65.104398,60,16,1.002,1,123.894,122.807,109.061,451,251,0.208,86,15,39,0.1,56.09513265384,29.1,63.1,16.496062992126
315,"TW-17-117-3","TW","17","17-117",3,1,"N",1,4061,74.273789550248,6.45901310190304,13.5112061683352,0.475511136987129,47.5,9.45454545454546,7841.99700358451,3.4375,3.35,0.481238413686005,15.4,65.104398,60,16,0.998,1.002,126.357,126.313,111.278,514,260,0.1925,86,41,54,0.15,56.09513265384,29.1,63.1,16.496062992126
316,"TW-17-117-4","TW","17","17-117",4,2,"N",1,4499,73.9173874395304,7.13544267358837,12.8939565869907,0.466436741715115,63,11.6363636363636,9441.14655549238,4.8125,3.35,0.481238413686005,15.4,65.104398,60,16,1.003,0.998,123.395,123.366,109.276,510,274,0.1838,86,55,71,0.1,56.09513265384,29.1,63.1,16.496062992126
322,"TW-17-163-1","TW","17","17-163",1,3,"N",4,3621,61.535733,4.5794503737532,11.5105923043666,0.471648236229176,5.5,8,6184.08235172016,0.6875,3.41,0.69344262295082,15,65.104398,60,16,1,1,123.123,64.481,57.825,425,252,0.259,75,0,11,0.8,61,18.7,63.7,16.1023622047244
323,"TW-17-163-2","TW","17","17-163",2,1,"N",1,4669,78.9645127083348,6.46703837481421,12.3934270932012,0.47659532623286,21.5,12.3636363636364,10389.5688865281,2.0625,3.41,0.69344262295082,15,65.104398,60,15.969,0.993,0.993,123.41,123.39,109.784,534,290,0.219,75,13,30,0.9,61,18.7,63.7,16.1023622047244
324,"TW-17-163-3","TW","17","17-163",3,2,"N",1,4744,71.8818731636267,6.87870509035107,11.9606751281707,0.447271955507928,38.5,10.9090909090909,10066.0950964741,3.4375,3.41,0.69344262295082,15,65.104398,60,16,0.999,0.996,116.645,116.616,104.158,492,246,0.1713,75,31,46,0,61,18.7,63.7,16.1023622047244
325,"TW-17-163-4","TW","17","17-163",4,2,"N",1,4762,71.7221235466037,7.13730193817596,12.2374950425135,0.447047429218149,54,10.1818181818182,10137.5354034952,4.8125,3.41,0.69344262295082,15,65.104398,60,16,0.995,0.993,116.056,116.03,103.379,486,264,0.18,75,47,61,0,61,18.7,63.7,16.1023622047244
309,"TW-17-19-1","TW","17","17-19",1,2,"N",2,4077,76.0982334359148,6.13536046039925,13.2307211372349,0.521251405467587,11.5,16.7272727272727,8664.20385283244,0.6875,3.47,0.670175438596491,16,65.104398,60,15.969,1.001,0.998,137.764,137.641,121.558,524,255,0.2,85,0,23,0.55,57,18.8,63.2,16.8897637795276
310,"TW-17-19-2","TW","17","17-19",2,1,"N",2,4042,60.5319410487555,5.58826419363145,13.0112014056666,0.485529817290335,36.5,13.8181818181818,7932.47156985262,2.0625,3.47,0.670175438596491,16,65.104398,60,15.969,1.001,1.003,128.716,128.635,113.825,421,211,0.1786,85,27,46,0.65,57,18.8,63.2,16.8897637795276
311,"TW-17-19-3","TW","17","17-19",3,3,"N",1,4253,69.6595468868399,5.9359139272078,12.9045450320662,0.472225472204359,52.5,6.54545454545455,8541.61859126169,3.4375,3.47,0.670175438596491,16,65.104398,60,15.969,1.002,1.002,125.071,60.737,53.795,484,252,0.201,85,48,57,0.6,57,18.8,63.2,16.8897637795276
312,"TW-17-19-4","TW","17","17-19",4,2,"N",2,4497,79.0155969865796,6.69928468855516,13.5225662738418,0.520929252070115,66,10.1818181818182,10534.7569529772,4.8125,3.47,0.670175438596491,16,65.104398,60,16,0.998,1.004,138.716,138.619,122.107,549,259,0.1838,85,59,73,0,57,18.8,63.2,16.8897637795276
347,"TW-18-111-1","TW","18","18-111",1,1,"N",3,4482,53.6497036522897,2.47417565548071,11.1172894893149,0.721515243846885,7,10.1818181818182,14494.0319893352,0.6875,2.92,0.697200602445828,17.2,51.3892242,30,15.938,0.999,0.993,185.465,87.926,79.129,365,181.2,0.351,81,0,14,0,56.47303177656,17.1,65.7,19.1338582677165
303,"TW-18-111-2","TW","18","18-111",2,1,"N",2,3307,63.509477392049,4.22032934962311,10.6473461558478,0.57589601490561,25,13.0909090909091,6298.14221711546,2.0625,2.92,0.697200602445828,17.2,51.3892242,30,16,1.002,0.996,148.874,148.824,134.503,436,198.8,0.222,81,16,34,0,56.47303177656,17.1,65.7,19.1338582677165
348,"TW-18-111-3","TW","18","18-111",3,1,"N",1,4110,71.8877797556476,6.03137791571351,12.6993171357093,0.48010127452874,41.5,9.45454545454546,8109.91873946693,3.4375,2.92,0.697200602445828,17.2,51.3892242,30,16,1.001,0.999,126.665,126.585,112.321,496,229,0.1812,81,35,48,0,56.47303177656,17.1,65.7,19.1338582677165
305,"TW-18-111-4","TW","18","18-111",4,1,"N",1,3924,67.3753023658525,5.48204787091247,12.6154008013397,0.484998424431534,53.5,5.09090909090909,7467.89709974968,4.8125,2.92,0.697200602445828,17.2,51.3892242,30,15.969,1.004,1.003,128.509,128.448,114.059,470,232,0.1988,81,50,57,0,56.47303177656,17.1,65.7,19.1338582677165
306,"TW-18-111-5","TW","18","18-111",5,2,"N",1,4269,67.3661461689879,5.72581559142266,12.5794402943472,0.45773595673916,65,8.72727272727273,8341.94531829484,6.1875,2.92,0.697200602445828,17.2,51.3892242,30,16,1.002,1.003,121.24,121.167,107.628,469,216,0.1775,81,59,71,0,56.47303177656,17.1,65.7,19.1338582677165
349,"TW-18-111-6","TW","18","18-111",6,1,"N",1,3903,66.7916612084417,5.57050763341549,12.4732663935912,0.468810798355049,76.5,6.54545454545455,7141.58663495899,7.5625,2.92,0.697200602445828,17.2,51.3892242,30,16,1.004,1.002,124.18,124.112,110.348,465,251,0.212,81,72,81,0,56.47303177656,17.1,65.7,19.1338582677165
317,"TW-18-117-1","TW","18","18-117",1,1,"N",2,5248,58.3237829572566,4.0319454165482,9.79701350317832,0.729280998890731,7.5,10.9090909090909,20085.4955480731,0.6875,2.9,0.669702791223508,19.8,51.3892242,30,16,1.001,0.996,186.891,87.573,79.759,400,188.8,0.219,85,0,15,0,63.27634459104,20.9,66.9,21.1417322834646
318,"TW-18-117-2","TW","18","18-117",2,1,"N",1,3991,72.9045803656805,6.39072525509355,13.0565331094825,0.535175395588966,29,14.5454545454545,8524.31705014809,2.0625,2.9,0.669702791223508,19.8,51.3892242,30,15.969,0.999,0.992,140.097,140.068,123.892,495,251,0.1925,85,19,39,0,63.27634459104,20.9,66.9,21.1417322834646
319,"TW-18-117-3","TW","18","18-117",3,1,"N",1,3953,68.8306185398682,5.83333059980132,13.205878806554,0.518422426534763,45.5,6.54545454545455,8100.97718731935,3.4375,2.9,0.669702791223508,19.8,51.3892242,30,16,0.994,0.992,135.473,84.498,74.641,465,232,0.1962,85,41,50,0,63.27634459104,20.9,66.9,21.1417322834646
320,"TW-18-117-4","TW","18","18-117",4,1,"N",4,3749,63.794014923504,5.78494949125155,12.5732711752134,0.544175663313414,55.5,5.09090909090909,7648.38949204569,4.8125,2.9,0.669702791223508,19.8,51.3892242,30,16,1.003,0.991,142.545,90.071,80.011,434,236,0.1988,85,52,59,0,63.27634459104,20.9,66.9,21.1417322834646
321,"TW-18-117-6","TW","18","18-117",6,1,"N",1,4078,65.1305097487665,5.84283543173502,12.9428328203785,0.528780721427892,79,7.27272727272727,8793.66781492645,7.5625,2.9,0.669702791223508,19.8,51.3892242,30,16,0.996,0.991,137.997,137.98,122.168,440,242,0.204,85,74,84,0,63.27634459104,20.9,66.9,21.1417322834646
344,"TW-18-67-1","TW","18","18-67",1,3,"N",2,3959,65.3148890847944,5.53637743586003,11.593621327378,0.488849642843547,6,8.72727272727273,7662.07335889369,0.6875,3.45,0.793548387096774,20.7,51.3892242,30,16,1.004,0.999,128.091,63.961,57.316,452,240,0.204,75,0,12,0.5,62,12.8,65.9,22.5590551181102
345,"TW-18-67-2","TW","18","18-67",2,2,"N",1,4782,72.97413984,7.27666266774417,11.6131519910264,0.488549588923132,21,10.1818181818182,11171.9194498899,2.0625,3.45,0.793548387096774,20.7,51.3892242,30,15.969,1,1,127.405,127.364,114.112,504,278,0.18,75,14,28,0.5,62,12.8,65.9,22.5590551181102
304,"TW-18-67-3","TW","18","18-67",3,1,"N",1,4340,61.8661213239719,5.94943109900901,12.2240881102589,0.46694949947622,35,8.72727272727273,8795.27399233429,3.4375,3.45,0.793548387096774,20.7,51.3892242,30,16,0.997,1,122.308,74.179,66.099,426,244,0.195,75,29,41,0.35,62,12.8,65.9,22.5590551181102
307,"TW-18-67-4","TW","18","18-67",4,2,"N",1,4483,61.4129071856287,5.47755914491054,11.5150521175013,0.469890140292486,46,5.81818181818182,9443.51794770864,4.8125,3.45,0.793548387096774,20.7,51.3892242,30,15.938,1.002,1,122.438,122.39,109.752,425,193.8,0.1662,75,42,50,0.9,62,12.8,65.9,22.5590551181102
308,"TW-18-67-5","TW","18","18-67",5,2,"N",1,4833,64.0564554777794,6.38644604922448,12.2675506709672,0.432372795996669,59.5,10.9090909090909,10099.3157755098,6.1875,3.45,0.793548387096774,20.7,51.3892242,30,16,0.996,0.997,112.842,112.775,100.452,438,216,0.1625,75,52,67,0,62,12.8,65.9,22.5590551181102
346,"TW-18-67-6","TW","18","18-67",6,2,"N",1,4622,67.9240352629239,7.02466965146076,11.9826151285371,0.460804919251671,71,5.81818181818182,9844.12203660282,7.5625,3.45,0.793548387096774,20.7,51.3892242,30,16,1.002,1.001,121.164,121.098,108.14,471,252,0.1688,75,67,75,0.9,62,12.8,65.9,22.5590551181102
336,"TW-2-119-1","TW","2","2-119",1,1,"Y",4,2835,50.974856317658,3.30949911463734,11.5342837746096,0.519920471229635,8,11.6363636363636,4178.71780937861,0.6875,3.65,0.289549863515345,12.5,150.8829102,120,15.969,0.994,0.88,118.516,49.287,44.19,271,140,0.294,87,0,16,1,50.53134366,35.9,60.6,13.1496062992126
337,"TW-2-119-2","TW","2","2-119",2,1,"N",1,4253,64.2522269279837,5.58198098612394,12.3198225945546,0.434368607879221,29,14.5454545454545,7856.86328863682,2.0625,3.65,0.289549863515345,12.5,150.8829102,120,16,1.018,1.02,118.595,118.521,105.521,470,251,0.1975,87,19,39,0,50.53134366,35.9,60.6,13.1496062992126
338,"TW-2-119-3","TW","2","2-119",3,1,"N",3,4463,75.3150923962969,6.51784521697881,11.8973740669161,0.462389206776642,49,11.6363636363636,9210.03884219446,3.4375,3.65,0.289549863515345,12.5,150.8829102,120,16,1.024,1.018,126.264,126.218,112.798,552,259,0.1738,87,41,57,0.2,50.53134366,35.9,60.6,13.1496062992126
339,"TW-2-119-4","TW","2","2-119",4,2,"N",1,4632,80.5206535344397,7.0880563960772,12.2659485959152,0.458267222089579,69.5,13.8181818181818,9832.31755523407,4.8125,3.65,0.289549863515345,12.5,150.8829102,120,16.031,1.022,1.018,125.548,125.492,111.781,589,292,0.1812,87,60,79,0.15,50.53134366,35.9,60.6,13.1496062992126
353,"TW-2-211-1","TW","2","2-211",1,1,"N",2,3497,53.0990141966901,4.15830600381989,10.8072307932055,0.434203539725106,7,10.1818181818182,5309.87899513018,0.6875,3.78,0.514545454545455,12.2,150.8829102,120,15.938,0.992,0.992,110.409,42.663,38.502,358,177.5,0.206,82,0,14,1,55,26.7,55.6,12.4803149606299
342,"TW-2-211-2","TW","2","2-211",2,2,"N",1,4670,61.1896597106978,5.36322197317286,12.4484032152944,0.394402212744487,25.5,15.2727272727273,8601.47841752323,2.0625,3.78,0.514545454545455,12.2,150.8829102,120,16,1.026,1.021,108.76,108.696,96.663,452,214,0.1736,82,15,36,1.1,55,26.7,55.6,12.4803149606299
343,"TW-2-211-3","TW","2","2-211",3,2,"N",1,5127,61.9966827376505,6.72330354884011,12.010073351588,0.407310517293768,50,16,10706.6168006407,3.4375,3.78,0.514545454545455,12.2,150.8829102,120,16,1.021,1.028,112.1,112.084,100.066,462,274,0.1738,82,39,61,0,55,26.7,55.6,12.4803149606299
340,"TW-2-316-1","TW","2","2-316",1,1,"N",3,5356,42.5334866084049,2.63144174465032,12.9465087057979,0.480856120353558,5,7.27272727272727,13794.1925785668,0.6875,3.63,0.357222767354308,13.9,150.8829102,120,15.938,0.996,0.999,126.017,125.845,111.42,292,141.2,0.258,84,0,10,1,55.38466235568,35.6,55.6,14.2913385826772
341,"TW-2-316-2","TW","2","2-316",2,1,"N",3,3813,59.178130745243,5.15954250220911,11.7886597054335,0.506464579432248,24,18.9090909090909,7363.47281996349,2.0625,3.63,0.357222767354308,13.9,150.8829102,120,15.938,0.995,0.993,130.448,130.397,116.646,401,163.8,0.1538,84,11,37,0.5,55.38466235568,35.6,55.6,14.2913385826772
225,"TW-2-316-3","TW","2","2-316",3,2,"N",1,4846,72.3199591460565,7.75322988198074,8.01724369236823,0.48248546089749,48,14.5454545454545,11330.5515378458,3.4375,3.63,0.357222767354308,13.9,150.8829102,120,15.938,0.997,0.997,120.807,120.773,111.809,495,251,0.1488,84,38,58,0,55.38466235568,35.6,55.6,14.2913385826772
216,"TW-3-152-1","TW","3","3-152",1,3,"N",2,3689,54.8708504546423,4.65117247246878,10.9934822013961,0.443654271180285,6.5,9.45454545454546,6037.56719695084,0.6875,3.57,0.515826561997541,17,70.3580544,60,16.062,1.012,1.011,118.402,57.559,51.858,392,214,0.206,79,0,13,0,61.1351174532,29.6,63.1,18.3070866141732
217,"TW-3-152-2","TW","3","3-152",2,2,"N",1,4392,52.3358966967898,6.24683860321777,11.8459585611338,0.417397345936861,23,13.0909090909091,8051.45455761382,2.0625,3.57,0.515826561997541,17,70.3580544,60,16,1.011,1.013,111.927,111.903,100.051,375,212,0.1525,79,14,32,0.1,61.1351174532,29.6,63.1,18.3070866141732
350,"TW-3-152-3","TW","3","3-152",3,2,"N",2,4709,57.4167666994334,6.14822917766671,11.8091447254856,0.41017780091089,39.5,9.45454545454546,9095.5618884805,3.4375,3.57,0.515826561997541,17,70.3580544,60,16.031,1.012,1.012,110.168,110.113,98.483,411,234,0.1713,79,33,46,0.1,61.1351174532,29.6,63.1,18.3070866141732
351,"TW-3-152-4","TW","3","3-152",4,2,"N",2,4763,61.8341337930311,6.93537653174603,11.9345406043195,0.408751812222614,54,8.72727272727273,9273.01269113849,4.8125,3.57,0.515826561997541,17,70.3580544,60,16,1.008,1.011,109.154,109.097,97.465,440,256,0.1675,79,48,60,0,61.1351174532,29.6,63.1,18.3070866141732
218,"TW-3-152-5","TW","3","3-152",5,2,"N",2,4919,61.1918793013647,7.32346753817354,12.1720203010679,0.387658692671043,70.5,12.3636363636364,9380.00720439515,6.1875,3.57,0.515826561997541,17,70.3580544,60,16.062,1.009,1.01,104.143,104.099,92.803,435,215,0.1338,79,62,79,0.95,61.1351174532,29.6,63.1,18.3070866141732
219,"TW-3-192-1","TW","3","3-192",1,3,"N",2,5162,51.1486535352024,2.90442799109299,11.4540824153907,0.533078983814283,5,7.27272727272727,14204.5526739874,0.6875,3.56,0.447457627118644,15.2,70.3580544,60,16,0.991,1.007,138.802,72.648,65.182,355,176.2,0.282,84,0,10,0.5,59,32.6,57.8,15.511811023622
354,"TW-3-192-2","TW","3","3-192",2,1,"N",2,3009,47.9256204410101,3.75162896296317,12.5994977621691,0.460748944688429,23,16,4171.65826587356,2.0625,3.56,0.447457627118644,15.2,70.3580544,60,16,1.002,0.999,121.573,121.514,107.917,331,172.5,0.219,84,12,34,0.5,59,32.6,57.8,15.511811023622
352,"TW-3-192-3","TW","3","3-192",3,2,"N",1,4353,65.8578533643326,5.93731312490908,12.3527563254073,0.459744881388285,44.5,9.45454545454546,8711.52599717799,3.4375,3.56,0.447457627118644,15.2,70.3580544,60,15.938,0.993,0.987,118.055,117.985,105.013,440,252,0.211,84,38,51,0,59,32.6,57.8,15.511811023622
355,"TW-3-192-4","TW","3","3-192",4,2,"N",1,4792,71.9011838169522,7.31207184108205,11.7278879630716,0.449393359088776,64.5,15.2727272727273,10319.5383446024,4.8125,3.56,0.447457627118644,15.2,70.3580544,60,15.938,0.994,0.982,114.289,114.244,102.252,476,259,0.1775,84,54,75,0,59,32.6,57.8,15.511811023622
356,"TW-3-216-1","TW","3","3-216",1,1,"N",3,4600,56.9736307496879,2.88947347177406,12.3114450414792,0.668067666421315,11.5,16.7272727272727,14136.311821475,0.6875,3.29,0.370491803278689,16.2,70.3580544,60,15.906,0.99,0.998,172.526,97.611,86.911,388,173.8,0.29,88,0,23,0.8,61,38.4,66.8,16.8110236220472
357,"TW-3-216-2","TW","3","3-216",2,1,"N",1,5933,66.114220882466,3.63710455393702,10.700848395426,0.587154030195629,35,10.1818181818182,20668.1089812069,2.0625,3.29,0.370491803278689,16.2,70.3580544,60,15.938,0.995,0.993,149.76,60.022,54.22,448,252,0.332,88,28,42,0.8,61,38.4,66.8,16.8110236220472
358,"TW-3-216-3","TW","3","3-216",3,1,"N",1,3847,63.9149473799518,4.91180684092835,11.9856555174469,0.44987227621794,51,8.72727272727273,6657.84381351027,3.4375,3.29,0.370491803278689,16.2,70.3580544,60,15.938,0.992,0.984,114.677,114.605,102.339,424,214,0.218,88,45,57,0,61,38.4,66.8,16.8110236220472
359,"TW-3-216-4","TW","3","3-216",4,3,"N",1,3850,56.7401129785908,4.6158193589607,12.4725401175806,0.416776358392097,67,11.6363636363636,6177.66757226685,4.8125,3.29,0.370491803278689,16.2,70.3580544,60,15.938,0.996,0.988,107.568,107.517,95.594,381,195,0.209,88,59,75,1.1,61,38.4,66.8,16.8110236220472
253,"TW-4-327-1","TW","4","4-327",1,3,"N",2,3443,55.1456497223481,5.05084070758354,9.83252116353718,0.547433671195324,12,17.4545454545455,6489.4150493335,0.6875,3.92,0.386046511627907,8.7,167.082381,150,16,1.007,0.998,141.459,66.039,60.127,382,147.5,0.135,74,0,24,1,43,26.4,44.5,9.09448818897638
254,"TW-4-327-2","TW","4","4-327",2,2,"N",2,4538,75.4886220616077,7.55336371674887,12.0730036678598,0.490723287817551,40.5,16.7272727272727,10105.6825471666,2.0625,3.92,0.386046511627907,8.7,167.082381,150,15.938,0.998,0.991,126.841,126.805,113.145,511,279,0.18,74,29,52,0,43,26.4,44.5,9.09448818897638
255,"TW-4-434-1","TW","4","4-434",1,3,"N",3,4705,60.1342337118143,4.60278968350189,11.3990201415351,0.53975969862125,10,14.5454545454545,11948.6739423711,0.6875,3.83,0.108032265008692,8.4,167.082381,150,15.938,1.002,0.995,139.795,71.624,64.295,412,201,0.208,75,0,20,0.75,38.34219407088,34.2,55.7,9.05511811023622
229,"TW-4-434-2","TW","4","4-434",2,2,"N",1,4882,104.236431933598,10.0037002651517,12.0916393012966,0.572969401566898,42,26.1818181818182,13656.1091712709,2.0625,3.83,0.108032265008692,8.4,167.082381,150,15.938,0.987,0.984,145.457,145.412,129.726,688,370,0.1862,75,24,60,0,38.34219407088,34.2,55.7,9.05511811023622
228,"TW-4-472-1","TW","4","4-472",1,5,"N",4,5075,23.6943456139498,3.27935015841184,11.3352035787399,0.629122793483467,6,8.72727272727273,16203.4507479126,0.6875,3.6,0.305820889791216,9.6,167.082381,150,16,1.003,0.995,163.643,88.104,79.134,162.5,146.2,0.212,67,0,12,0,42.35218197672,29.4,40.9,9.64566929133858
212,"TW-4-472-2","TW","4","4-472",2,2,"N",2,4691,60.2111654465315,7.59720107872231,13.4936780322571,0.446096520990309,24.5,18.1818181818182,9816.56851681835,2.0625,3.6,0.305820889791216,9.6,167.082381,150,15.938,0.995,0.993,116.651,116.6,102.737,408,210,0.1362,67,12,37,0,42.35218197672,29.4,40.9,9.64566929133858
256,"TW-5-235-1","TW","5","5-235",1,2,"N",2,4373,86.2874850535899,7.6655421993243,10.7523905185982,0.547272879918832,20,29.0909090909091,10465.5698808893,0.6875,4.11,0.121648954322259,8.4,127.548153,120,15.938,0.992,0.999,140.073,140.032,126.437,590,286,0.1762,87,0,40,0,36.31805319408,31.9,51.1,8.85826771653543
257,"TW-5-235-2","TW","5","5-235",2,2,"N",1,5126,83.8713527018943,9.07646735778287,12.4217820758132,0.496582541790592,62.5,26.9090909090909,13048.1412918544,2.0625,4.11,0.121648954322259,8.4,127.548153,120,15.938,1.003,1,130.575,130.434,116.022,581,345,0.18,87,44,81,0,36.31805319408,31.9,51.1,8.85826771653543
221,"TW-5-366-1","TW","5","5-366",1,5,"N",3,3471,48.7352827380952,4.43682000210671,12.5091715723915,0.477503285941148,11.5,16.7272727272727,5752.88366599648,0.6875,3.57,0.176568322446657,10.5,127.548153,120,16.031,1,1.008,127.019,65.936,58.605,342,195,0.204,76,0,23,0.05,43.5980312376,35.9,53.6,10.9448818897638
223,"TW-5-366-2","TW","5","5-366",2,2,"N",2,3975,49.1331754287054,5.76392573864432,12.7402268679104,0.455951473518246,36,11.6363636363636,7204.31825125924,2.0625,3.57,0.176568322446657,10.5,127.548153,120,16.031,0.997,1.001,120.329,120.26,106.67,339,180,0.1488,76,28,44,0.5,43.5980312376,35.9,53.6,10.9448818897638
213,"TW-5-366-3","TW","5","5-366",3,2,"N",1,5040,69.2658656349127,8.40713204376487,12.8218280821512,0.434145246680074,63.5,18.1818181818182,11027.9838980686,3.4375,3.57,0.176568322446657,10.5,127.548153,120,16.031,0.997,0.999,114.428,114.372,101.374,476,252,0.1438,76,51,76,0,43.5980312376,35.9,53.6,10.9448818897638
224,"TW-5-403-1","TW","5","5-403",1,2,"N",2,4009,50.2802945671642,6.01818134392483,12.5143686853409,0.420974975467696,14.5,21.0909090909091,6765.94390468982,0.6875,3.41,0.675721173752865,11,127.548153,120,16.031,1.005,1,111.654,111.585,99.174,349,157.5,0.1238,79,0,29,0.35,45.3313593432,14.7,40.9,11.6141732283465
220,"TW-5-403-2","TW","5","5-403",2,2,"N",1,4233,57.7098663892774,6.17288964284254,12.9892640292455,0.409293228861387,39,11.6363636363636,7333.83436048148,2.0625,3.41,0.675721173752865,11,127.548153,120,16,0.997,0.997,107.613,107.559,95.194,395,190,0.1488,79,31,47,0.05,45.3313593432,14.7,40.9,11.6141732283465
222,"TW-5-403-3","TW","5","5-403",3,2,"N",1,4915,66.4631473893766,7.46286263461209,12.2137404580153,0.409088883706562,59,14.5454545454545,9882.45220869826,3.4375,3.41,0.675721173752865,11,127.548153,120,16,0.995,0.997,106.607,106.575,94.975,454,229,0.1475,79,49,69,0,45.3313593432,14.7,40.9,11.6141732283465
258,"TW-6-149-1","TW","6","6-149",1,3,"N",2,3361,56.886050898811,4.81233384977306,12.3242938602307,0.490061609293849,9.5,13.8181818181818,5535.89324835991,0.6875,3.49,0.407048246674242,11,100.6924752,80,16,1.004,1.007,130.284,67.763,60.328,400,198.8,0.1912,77,0,19,0.2,44.6916631098,26.5,54.3,11.7716535433071
259,"TW-6-149-2","TW","6","6-149",2,2,"N",1,4410,69.6508503646576,6.91822604775538,12.8725689786192,0.453975429257668,32,16,8828.95954574605,2.0625,3.49,0.407048246674242,11,100.6924752,80,15.989,1.006,0.998,120.352,120.312,106.591,482,261,0.18,77,21,43,0,44.6916631098,26.5,54.3,11.7716535433071
260,"TW-6-149-3","TW","6","6-149",3,2,"N",1,4726,77.8307168144784,7.72270850022386,11.9811704646345,0.453831609304561,61.5,22.5454545454545,10136.3634850197,3.4375,3.49,0.407048246674242,11,100.6924752,80,16.031,1.009,1.007,121.117,121.083,108.128,550,246,0.1462,77,46,77,0,44.6916631098,26.5,54.3,11.7716535433071
261,"TW-6-237-1","TW","6","6-237",1,3,"Y",3,2731,56.3870441354634,2.79215225656127,10.7642247823411,0.488318441401997,8,11.6363636363636,3642.05521893344,0.6875,3.61,0.378884551567652,10.1,100.6924752,80,16,1.002,1.001,127.002,62.975,56.855,391,168.8,0.281,79,0,16,0.05,41.69917213518,25.9,49.9,10.6692913385827
235,"TW-6-237-2","TW","6","6-237",2,1,"N",2,3674,58.1779734998635,4.60483943970544,13.3342586350478,0.431601665969977,31,16,5825.87840932256,2.0625,3.61,0.378884551567652,10.1,100.6924752,80,16.031,1.001,0.996,114.388,114.318,100.868,399,210,0.221,79,20,42,0,41.69917213518,25.9,49.9,10.6692913385827
236,"TW-6-237-3","TW","6","6-237",3,2,"N",1,4673,65.2179408535696,8.07687726398876,12.3635800952095,0.450896099595102,54.5,15.2727272727273,9846.18611323518,3.4375,3.61,0.378884551567652,10.1,100.6924752,80,16.031,1.018,1.021,123.515,123.446,109.863,478,205,0.1112,79,44,65,0.05,41.69917213518,25.9,49.9,10.6692913385827
237,"TW-6-260-2","TW","6","6-260",2,1,"N",3,3252,55.800213982453,4.20127194203588,11.9806771880505,0.481767691042046,37,13.0909090909091,5094.93614368592,2.0625,3.35,0.451287472055369,11.7,100.6924752,80,15.989,0.997,1.001,125.955,125.873,112.406,385,168.8,0.19,82,28,46,0.63,47.01915609006,25.8,56.1,12.3622047244094
238,"TW-6-260-3","TW","6","6-260",3,2,"N",1,4306,70.0347033840579,6.69231439317389,11.9162278107898,0.460156036304491,57,11.6363636363636,8532.04572836066,3.4375,3.35,0.451287472055369,11.7,100.6924752,80,15.989,0.996,0.994,119.275,119.221,106.527,476,251,0.1812,82,49,65,0,47.01915609006,25.8,56.1,12.3622047244094
232,"TW-6-278-1","TW","6","6-278",1,3,"N",2,5600,52.8483965226108,3.44001087510651,11.5572062119004,0.536184176127821,6.5,9.45454545454546,16814.7357633685,0.6875,3.63,0.515013573404698,13,100.6924752,80,16,0.997,0.996,139.05,71.188,63.813,361,161.2,0.224,88,0,13,0,51.3416430534,24.9,48.3,13.8582677165354
233,"TW-6-278-2","TW","6","6-278",2,1,"N",1,4113,66.7187718769595,6.5310391825491,12.2843862971251,0.475800787463521,26.5,16.7272727272727,8049.01201153848,2.0625,3.63,0.515013573404698,13,100.6924752,80,16.031,1.022,1.019,130.501,130.452,116.18,489,229,0.1538,88,15,38,0,51.3416430534,24.9,48.3,13.8582677165354
234,"TW-6-278-3","TW","6","6-278",3,2,"N",1,4671,73.6047975219356,8.99499509201316,12.2098295969834,0.515778725290674,48,13.0909090909091,11253.3845310647,3.4375,3.63,0.515013573404698,13,100.6924752,80,16,1.021,1.02,141.099,141.05,125.702,540,234,0.1138,88,39,57,0,51.3416430534,24.9,48.3,13.8582677165354
231,"TW-6-278-4","TW","6","6-278",4,2,"N",2,4864,76.843224705787,8.86431780654893,12.4420977049238,0.47010971409897,73.5,21.0909090909091,11122.0887905716,4.8125,3.63,0.515013573404698,13,100.6924752,80,16,1.02,1.018,128.493,128.41,114.201,561,256,0.1275,88,59,88,0,51.3416430534,24.9,48.3,13.8582677165354
157,"TW-7-122-1","TW","7","7-122",1,3,"N",3,3413,67.9967034955041,5.82202110397244,10.0490487711366,0.639161606256538,9,13.0909090909091,7445.31807263011,0.6875,3.33,0.628437775135033,20.2,36.2001978,30,16.031,0.99,0.986,161.049,83.24,75.639,452,249,0.209,88,0,18,0.9,64.32300810096,23.9,68,21.0236220472441
226,"TW-7-122-2","TW","7","7-122",2,3,"N",3,4149,64.8041384816374,6.46879742728615,10.9932717527654,0.481355236126668,29.5,12.3636363636364,8286.14578708692,2.0625,3.33,0.628437775135033,20.2,36.2001978,30,16,1,0.996,124.574,58.398,52.614,444,261,0.1912,88,21,38,0,64.32300810096,23.9,68,21.0236220472441
227,"TW-7-122-3","TW","7","7-122",3,2,"N",1,3813,57.7923866072415,5.53944642249245,12.440837081948,0.441509027588798,42.5,5.09090909090909,6419.08606533368,3.4375,3.33,0.628437775135033,20.2,36.2001978,30,16,0.998,0.992,115.056,114.982,102.26,392,198.8,0.175,88,39,46,0,64.32300810096,23.9,68,21.0236220472441
373,"TW-7-122-4","TW","7","7-122",4,1,"N",5,4201,67.5252076873222,6.51074360161183,9.36790668348045,0.533486568738654,52.5,6.54545454545455,9415.18489321383,4.8125,3.33,0.628437775135033,20.2,36.2001978,30,15.969,0.986,0.998,134.149,69.383,63.44,458,258,0.1862,88,48,57,0.1,64.32300810096,23.9,68,21.0236220472441
230,"TW-7-122-5","TW","7","7-122",5,2,"N",1,4581,61.7436892860627,7.71031198062398,12.5519719235862,0.45974101437195,66,10.1818181818182,9647.92310130443,6.1875,3.33,0.628437775135033,20.2,36.2001978,30,16,1.002,1.002,121.62,121.546,107.991,429,235,0.1438,88,59,73,0,64.32300810096,23.9,68,21.0236220472441
243,"TW-7-93-1","TW","7","7-93",1,5,"N",3,6493,26.0578703404575,3.83589252291232,11.7028224454133,0.478843121042072,6,8.72727272727273,20187.5706033257,0.6875,2.83,0.7564834038978,20.1,36.2001978,30,16,1.008,1.003,126.597,126.566,113.306,182.5,156.2,0.1888,81,0,12,0.2,64.06134222348,15.6,66.3,21.2204724409449
244,"TW-7-93-2","TW","7","7-93",2,1,"N",2,3816,41.7753561554167,4.62981794979469,13.5613577988433,0.458966274366952,23,13.0909090909091,6683.40079618805,2.0625,2.83,0.7564834038978,20.1,36.2001978,30,16,1.004,1.004,122.993,122.912,108.234,292,180,0.1838,81,14,32,0.1,64.06134222348,15.6,66.3,21.2204724409449
245,"TW-7-93-3","TW","7","7-93",3,1,"N",1,4129,60.4618020002636,6.24000513435411,12.5413725367083,0.476455333374127,39,7.27272727272727,8122.91593123082,3.4375,2.83,0.7564834038978,20.1,36.2001978,30,16,0.999,1.001,125.527,125.469,111.487,418,198.8,0.1512,81,34,44,0,64.06134222348,15.6,66.3,21.2204724409449
246,"TW-7-93-4","TW","7","7-93",4,1,"N",1,4200,60.0282860605673,6.32783501641982,12.1394963642486,0.470059909746989,52.5,8,8291.85680793688,4.8125,2.83,0.7564834038978,20.1,36.2001978,30,16,0.997,1.002,123.276,123.22,109.881,415,201,0.15,81,47,58,0,64.06134222348,15.6,66.3,21.2204724409449
247,"TW-7-93-5","TW","7","7-93",5,2,"N",1,4355,63.6904275472813,6.51172886704382,13.0672368733666,0.449677048705585,67.5,10.9090909090909,8528.58614767634,6.1875,2.83,0.7564834038978,20.1,36.2001978,30,16,1.002,0.998,119.025,118.975,105.225,439,251,0.185,81,60,75,0,64.06134222348,15.6,66.3,21.2204724409449
239,"TW-7-98-1","TW","7","7-98",1,5,"N",4,3547,17.1829145631245,5.18598609760801,12.161655856861,0.522532573175288,15,21.8181818181818,6574.09151242609,0.6875,3.22,0.747740583398953,19.1,36.2001978,30,15.938,0.993,0.993,134.764,134.714,120.107,116.2,61.2,0.0575,89,0,30,0,61.44468344868,15.5,61.5,20.5511811023622
240,"TW-7-98-2","TW","7","7-98",2,2,"N",1,3835,70.3868051695225,5.99793218759645,12.6605459982011,0.52474727508718,38.5,8,7717.57624284406,2.0625,3.22,0.747740583398953,19.1,36.2001978,30,15.938,1.008,1.001,139.102,139.031,123.407,491,242,0.19,89,33,44,0.5,61.44468344868,15.5,61.5,20.5511811023622
241,"TW-7-98-3","TW","7","7-98",3,1,"N",1,4356,75.1350290438247,7.48123589804791,12.4885533113327,0.495334158044721,50.5,6.54545454545455,9398.83488068087,3.4375,3.22,0.747740583398953,19.1,36.2001978,30,15.938,1.004,1,130.454,130.21,115.754,521,241,0.1525,89,46,55,0,61.44468344868,15.5,61.5,20.5511811023622
242,"TW-7-98-4","TW","7","7-98",4,1,"N",1,4459,76.0429244538706,7.41379127822521,12.497447235467,0.486701974253178,63,7.27272727272727,9676.94009614615,4.8125,3.22,0.747740583398953,19.1,36.2001978,30,15.938,0.994,0.999,126.787,126.698,112.623,521,230,0.1488,89,58,68,0,61.44468344868,15.5,61.5,20.5511811023622
262,"TW-7-98-5","TW","7","7-98",5,1,"N",1,4585,83.6754108808511,8.69989184062148,13.0318862436712,0.522548417343917,77,10.1818181818182,10985.1304027977,6.1875,3.22,0.747740583398953,19.1,36.2001978,30,15.938,0.998,0.995,136.772,83.942,74.264,571,264,0.1475,89,70,84,0,61.44468344868,15.5,61.5,20.5511811023622
263,"TW-8-439-1","TW","8","8-439",1,3,"N",2,3991,58.588060174056,5.90768518689915,12.8327485380117,0.458466871773679,14,20.3636363636364,7302.49746942778,0.6875,3.29,0.135281516992267,8.9,175.9425858,150,15.989,1.003,0.994,120.652,120.59,106.875,401,215,0.1762,77,0,28,0,40.01302236498,34.6,52.7,9.13385826771654
144,"TW-8-439-2","TW","8","8-439",2,2,"N",1,4727,85.9248434116225,7.58177129657112,10.7659931899674,0.48009218238888,44.5,19.6363636363636,10727.4336920616,2.0625,3.29,0.135281516992267,8.9,175.9425858,150,15.938,0.994,0.995,122.648,122.639,110.719,584,294,0.185,77,31,58,0,40.01302236498,34.6,52.7,9.13385826771654
143,"TW-8-576-1","TW","8","8-576",1,1,"N",2,4584,59.1931044774587,7.04820544927352,10.0228372758879,0.504800173405818,10,14.5454545454545,10607.3943125862,0.6875,4.16,0.100292907853226,8.9,175.9425858,150,15.938,0.996,1.001,129.127,129.114,117.352,408,260,0.1712,83,0,20,1,40.01302236498,36,57.8,9.44881889763779
135,"TW-8-576-2","TW","8","8-576",2,2,"N",1,5336,90.7200351998094,9.96485360489662,10.744536138569,0.48591490882384,36.5,18.1818181818182,13835.4046637907,2.0625,4.16,0.100292907853226,8.9,175.9425858,150,15.938,0.989,0.984,122.122,122.118,110.27,600,269,0.1338,83,24,49,1,40.01302236498,36,57.8,9.44881889763779
132,"TW-8-657-1","TW","8","8-657",1,5,"N",2,4109,57.9084355763324,5.53195049327388,10.6469755661502,0.411034786408538,12.5,18.1818181818182,6939.86242058218,0.6875,3.75,0.369718086628198,10.6,175.9425858,150,16,0.996,0.992,105.195,59.413,53.696,392,249,0.216,83,0,25,0.5,45.69383856492,28.8,57.6,11.2204724409449
153,"TW-8-657-2","TW","8","8-657",2,2,"N",1,4966,72.2404832590519,6.66698840316082,10.8329281287826,0.417106595159617,45,21.8181818181818,10286.3308118602,2.0625,3.75,0.369718086628198,10.6,175.9425858,150,16,0.998,0.992,107.143,107.13,96.659,490,264,0.19,83,30,60,0.6,45.69383856492,28.8,57.6,11.2204724409449
265,"TW-9-103-1","TW","9","9-103",1,1,"N",3,6167,66.7674713158012,4.79612380986673,10.6864420797265,0.679393746581589,7.5,10.9090909090909,25838.6275572851,0.6875,4.05,0.289470766364953,11.6,134.6979834,100,16,1.013,1.02,181.9,100.376,90.685,486,197.5,0.1788,89,0,15,0.15,48.13313566992,34.2,64.3,12.2834645669291
266,"TW-9-103-2","TW","9","9-103",2,1,"N",1,4954,83.4187705248603,7.68992321600502,11.9912395823755,0.490901607185378,28.5,16.7272727272727,12047.76418813,2.0625,4.05,0.289470766364953,11.6,134.6979834,100,16,1.021,1.02,134.032,133.974,119.629,612,315,0.1788,89,17,40,0.1,48.13313566992,34.2,64.3,12.2834645669291
267,"TW-9-103-3","TW","9","9-103",3,2,"N",1,5233,100.645656346907,9.02269587540766,11.4321114502433,0.548524900025419,51.5,15.2727272727273,15020.9643859922,3.4375,4.05,0.289470766364953,11.6,134.6979834,100,16.031,1.017,1.012,147.555,147.496,132.364,724,364,0.18,89,41,62,0,48.13313566992,34.2,64.3,12.2834645669291
268,"TW-9-103-4","TW","9","9-103",4,2,"N",1,5195,100.086280039816,9.46838974149329,11.7107973596764,0.544233345864363,75,14.5454545454545,14687.7831440211,4.8125,4.05,0.289470766364953,11.6,134.6979834,100,16.031,1.022,1.02,148.654,148.591,133.014,735,351,0.1612,89,65,85,0,48.13313566992,34.2,64.3,12.2834645669291
158,"TW-9-228-1","TW","9","9-228",1,3,"N",2,3469,81.9346467832981,7.15423077215191,10.7283723376282,0.764497228261614,7,10.1818181818182,9199.92982950836,0.6875,4.11,0.650269289108563,10.5,134.6979834,100,16,0.994,0.996,196.195,96.853,87.469,558,322,0.214,86,0,14,0.2,44.3198138376,15.5,64.4,11.1811023622047
159,"TW-9-228-2","TW","9","9-228",2,2,"N",1,5198,88.0145561891371,9.6455183114857,11.101101188654,0.495339213093669,33,23.2727272727273,13383.6712477773,2.0625,4.11,0.650269289108563,10.5,134.6979834,100,16,0.995,0.991,127.035,127.023,114.331,594,274,0.1375,86,17,49,0.25,44.3198138376,15.5,64.4,11.1811023622047
264,"TW-9-228-3","TW","9","9-228",3,2,"N",1,5145,86.844669641761,10.5196769223435,12.816094393277,0.504482036313983,66,20.3636363636364,13354.1565953184,3.4375,4.11,0.650269289108563,10.5,134.6979834,100,16,0.999,0.999,132.969,132.903,117.805,598,294,0.1338,86,52,80,0,44.3198138376,15.5,64.4,11.1811023622047
248,"TW-9-317-1","TW","9","9-317",1,3,"N",2,3625,53.1233352741775,4.603851824998,12.9009280791067,0.418921822997961,5.5,8,5504.89458033259,0.6875,3.83,0.19264854698587,11.9,134.6979834,100,16,1.003,1,111.054,53.891,47.733,368,185,0.1912,74,0,11,0.9,49.17313253328,39.7,58.8,12.5590551181102
249,"TW-9-317-2","TW","9","9-317",2,1,"N",1,4485,65.2115785942868,7.39569592775197,13.3960985302174,0.458102825428634,25,17.4545454545455,9214.84140663269,2.0625,3.83,0.19264854698587,11.9,134.6979834,100,16,1.002,1.003,122.217,122.131,107.703,454,232,0.1488,74,13,37,0.5,49.17313253328,39.7,58.8,12.5590551181102
250,"TW-9-317-3","TW","9","9-317",3,2,"N",1,4724,70.7403452091286,8.1692216969963,13.2988410209475,0.455509709156739,50,16,10165.2348392506,3.4375,3.83,0.19264854698587,11.9,134.6979834,100,16,1.003,1.002,121.421,121.317,107.077,492,256,0.1488,74,39,61,0.9,49.17313253328,39.7,58.8,12.5590551181102
