SampleID,thick1 (mm),thick2 (mm),thick3 (mm),depth1 (mm),depth2 (mm),depth3 (mm),length1 (mm),length2 (mm),weight (g),Density,Thick.Avg (cm),Depth.Avg (cm),Length.Avg (cm),NumSoaks,NorS,Scanned?,Analyzed?,Notes,Cross Dating Notes
TW-1-146-1,11.28,11.46,11.55,5.6,5.52,5.39,182,181,5.16,451.961065,1.143,0.5503333333,18.15,1,N,1,1,Only one side planed- thickness may be off,
TW-1-146-2,11.54,11.62,11.62,4.49,4.46,4.35,140,140,2.76,383.5679728,1.159333333,0.4433333333,14,1,N,1,1,Wrong start year in datafiles,
TW-1-146-3,12.07,12.34,12.36,5.42,5.41,5.32,150,150,4.02,406.17309,1.225666667,0.5383333333,15,1,N,1,1,Needs re-analyze; Wrong start year in datafiles,
TW-1-146-4,12.89,12.52,12.69,5.2,5.37,5.42,103,104,2.51,358.2633988,1.27,0.533,10.35,1,N,1,1,Drop first 3 mm; Wrong start year in datafiles,
TW-1-146-4.5,12.24,12.45,12.24,3.93,4.2,4.38,142,141,2.77,381.3548037,1.231,0.417,14.15,1,N,1,1,Wrong start year in datafiles,
TW-1-146-5,13.22,12.48,12.36,5.43,5.41,5.37,82,82,2.12,377.1487904,1.268666667,0.5403333333,8.2,1,N,1,1,Drop first 4 mm; Wrong start year in datafiles,
TW-1-188-1,11.99,12,11.77,5.06,5.22,4.92,157,157,4.4,464.03895,1.192,0.5066666667,15.7,2,?,1,1,Left in woods; difficult to mark ring boundaries,
TW-1-188-2,12.11,12.21,11.94,5.04,4.85,4.87,144,143,3.6,421.8703001,1.208666667,0.492,14.35,2,?,1,1,Left in woods,
TW-1-188-3,12.21,12.04,12.05,4.78,5.13,5.23,130,129,2.89,365.4585137,1.21,0.5046666667,12.95,2,?,1,1,Left in woods; very vague near pith,
TW-1-188-4,12.37,12.19,12.26,4.81,5.02,4.88,124,123,2.72,365.9721176,1.227333333,0.4903333333,12.35,2,?,1,1,Left in woods,
TW-1-188-4.5,12.34,12.19,12.39,4.82,5.19,5.12,136,137,3.43,404.8585895,1.230666667,0.5043333333,13.65,2,?,1,1,Left in woods,
TW-1-188-5,12.17,12.03,12.19,4.8,4.86,5.08,147,147,3.39,386.9415204,1.213,0.4913333333,14.7,2,?,1,1,Left in woods; probably mislabeled based on number of rings. Maybe should be #2?,
TW-1-188-6,12.39,12.27,12.27,4.98,5.16,5.19,123,122,2.75,356.8762544,1.231,0.511,12.25,2,?,1,1,Left in woods,
TW-1-44-1,13.09,13.05,12.6,5.34,5.79,5.97,147,146,4.76,441.4241716,1.291333333,0.57,14.65,1,N,1,1,Wrong start year in datafiles,
TW-1-44-2,12.7,12.66,13.05,5.53,5.72,5.87,137,136,4.23,424.1330913,1.280333333,0.5706666667,13.65,1,N,1,1,Wrong start year in datafiles,
TW-1-44-3,12.67,12.87,12.71,5.62,5.71,5.5,124,125,3.66,410.9970342,1.275,0.561,12.45,1,N,1,1,Wrong start year in datafiles,
TW-1-44-4,12.35,12.6,12.57,5.21,5.44,5.41,124,127,3.49,415.3515542,1.250666667,0.5353333333,12.55,1,N,1,1,Wrong start year in datafiles,
TW-1-44-4.5,12.68,12.59,12.63,5.56,5.74,5.68,125,125,3.9,436.3351576,1.263333333,0.566,12.5,1,N,1,1,Wrong start year in datafiles,
TW-1-44-5,12.89,12.72,12.79,5.22,5.94,5.77,102,101,2.83,385.9888151,1.28,0.5643333333,10.15,1,N,1,1,Wrong start year in datafiles,
TW-1-44-6,12.34,12.46,12.49,5.4,5.4,5.26,70,71,1.82,387.9599156,1.243,0.5353333333,7.05,1,N,1,1,Wrong start year in datafiles,
TW-10-187-1,12.79,12.76,12.5,4.82,5.48,5.22,97,94,3.49,556.9525373,1.268333333,0.5173333333,9.55,3,N,1,1,,
TW-10-187-2,12.77,12.72,12.66,5.45,5.39,5.39,84,85,2.94,505.7315743,1.271666667,0.541,8.45,3,N,1,1,,
TW-10-187-3,12.83,12.85,12.73,5.33,5.45,5.47,82,82,2.87,504.6762662,1.280333333,0.5416666667,8.2,3,N,1,1,,
TW-10-187-4,12.59,12.74,12.89,5.45,5.47,5.39,62,60,2.15,508.869581,1.274,0.5436666667,6.1,3,N,1,1,Drop rings 33-39; Drop first 3,
TW-10-187-4.5,12.68,12.95,12.28,5.65,5.67,5.7,85,84,3.06,505.1192117,1.263666667,0.5673333333,8.45,3,N,1,1,,
TW-10-187-5,12.69,12.78,12.68,5.3,5.46,5.28,50,50,1.68,494.1774005,1.271666667,0.5346666667,5,3,N,1,1,,
TW-10-187-6,12.64,12.68,12.77,5.55,5.32,5.35,49,51,1.72,501.1169924,1.269666667,0.5406666667,5,3,N,1,1,,
TW-10-367-1,12,11.27,10.97,4.94,4.81,4.95,101,100,2.86,508.8518878,1.141333333,0.49,10.05,2,N,1,,RC,
TW-10-367-2,12.28,12.31,12.01,5.15,5.13,5.01,99,99,2.76,448.3609969,1.22,0.5096666667,9.9,2,N,1,,RC,
TW-10-367-3,12.23,12.19,12.21,4.92,4.9,5.14,80,80,2.21,453.7078401,1.221,0.4986666667,8,2,N,1,,RC,
TW-10-367-4,12.19,12.2,12.13,5.19,5.11,5.14,73,72,1.85,407.2847663,1.217333333,0.5146666667,7.25,2,N,1,,RC,
TW-10-367-4.5,12.1,12.03,12.09,5,4.87,5.29,95,96,2.73,468.5480531,1.207333333,0.5053333333,9.55,2,N,1,,RC,
TW-10-367-5,12.25,12.25,12.24,5.17,5.15,5.11,67,66,1.76,420.1733022,1.224666667,0.5143333333,6.65,2,N,1,,RC,
TW-10-367-6,12.18,12.23,12.5,5.18,4.95,4.96,49,49,1.23,405.6189681,1.230333333,0.503,4.9,2,N,1,,RC,
TW-10-391-1,12.26,11.89,11.8,4.93,5.09,5.25,110,111,3.31,491.1004063,1.198333333,0.509,11.05,2,N,1,,AJ,
TW-10-391-2,12.12,11.99,11.97,4.96,4.81,4.84,90,89,2.51,478.8245959,1.202666667,0.487,8.95,2,N,1,,AJ,
TW-10-391-3,12.05,12.04,12.07,5.05,5.02,4.79,83,83,2.32,468.1717138,1.205333333,0.4953333333,8.3,2,N,1,,AJ,
TW-10-391-4,11.96,11.74,11.64,4.82,4.88,4.9,77,75,1.86,426.8963685,1.178,0.4866666667,7.6,2,N,1,,AJ,
TW-10-391-4.5,12.23,12.11,12.07,5.01,4.95,4.99,78,79,2.31,486.5449408,1.213666667,0.4983333333,7.85,2,N,1,,AJ,
TW-10-391-5,12.35,11.9,11.8,4.99,4.78,4.94,73,72,1.83,428.3883491,1.201666667,0.4903333333,7.25,2,N,1,,AJ,
TW-10-391-6,12.27,12.25,12.15,5.04,4.9,4.83,60,60,,0,1.222333333,0.4923333333,6,2,N,1,,AJ,
TW-11-185-1,11.78,11.69,11.86,4.9,4.18,4.98,190,202,5.86,541.6953356,1.177666667,0.4686666667,19.6,2,N,1,1,"Bad, curved rings and grooves",Missing 2002 
TW-11-185-2,12.23,12.14,11.86,4.77,4.97,4.87,148,149,4.04,462.5714994,1.207666667,0.487,14.85,2,N,1,1,,
TW-11-185-3,12.21,12.15,11.8,5.07,5.02,4.88,115,115,2.9,419.2687029,1.205333333,0.499,11.5,2,N,1,1,,
TW-11-185-4,12.12,12.02,12.07,5.05,4.93,4.86,115,116,2.69,390.0770319,1.207,0.4946666667,11.55,2,N,1,1,,
TW-11-185-4.5,11.96,11.69,11.88,4.85,4.72,4.53,141,142,3.72,472.2964588,1.184333333,0.47,14.15,2,N,1,1,,
TW-11-185-5,12.19,12.06,12.1,4.79,5.02,4.95,114,114,2.71,398.7642135,1.211666667,0.492,11.4,2,N,1,1,,
TW-11-185-6,12.22,12.18,12.31,5.03,4.79,4.98,89,90,2.31,427.5484675,1.223666667,0.4933333333,8.95,2,N,1,1,,
TW-11-185-7,12.2,12.14,12.1,4.9,4.99,5.08,68,69,1.67,402.2242406,1.214666667,0.499,6.85,2,N,1,1,,
TW-11-60-1,11.53,11.8,11.69,4.72,4.61,4.41,209,210,5.94,530.3249414,1.167333333,0.458,20.95,2,N,1,,AJ,
TW-11-60-2,11.79,11.76,11.72,4.66,4.6,4.71,161,163,4.04,455.5195222,1.175666667,0.4656666667,16.2,2,N,1,,AJ,
TW-11-60-3,11.73,11.82,11.88,4.14,4.46,4.63,163,164,3.4,399.2755099,1.181,0.441,16.35,2,N,1,,AJ,
TW-11-60-4,11.58,12,12.02,4.58,4.86,4.32,158,158,3.52,409.3168791,1.186666667,0.4586666667,15.8,2,N,1,,AJ,
TW-11-60-4.5,11.76,11.9,11.96,4.49,4.6,4.8,160,160,3.84,436.5737209,1.187333333,0.463,16,2,N,1,,AJ,
TW-11-60-5,11.84,11.8,11.83,4.41,4.75,4.85,151,151,3.42,410.1968721,1.182333333,0.467,15.1,2,N,1,,AJ,
TW-11-60-6,11.71,11.75,11.75,4.52,4.7,4.57,116,116,2.52,402.6750949,1.173666667,0.4596666667,11.6,2,N,1,,AJ,
TW-11-60-7,11.84,11.81,11.74,4.48,4.52,4.6,94,95,2.07,409.6015349,1.179666667,0.4533333333,9.45,2,N,1,,AJ,
TW-11-60-8,11.66,11.77,11.76,4.55,4.62,4.64,58,59,1.29,408.3790065,1.173,0.4603333333,5.85,2,N,1,,AJ,
TW-11-73-1,11.82,11.85,11.71,4.52,4.47,4.46,107,109,2.75,481.5832074,1.179333333,0.4483333333,10.8,2,N,1,,RC,
TW-11-73-2,11.78,11.91,11.92,4.48,4.47,4.5,89,89,2.02,426.4907479,1.187,0.4483333333,8.9,2,N,1,,RC,
TW-11-73-3,11.82,11.95,11.89,4.47,4.5,4.71,113,110,2.64,436.8216276,1.188666667,0.456,11.15,2,N,1,,RC,
TW-11-73-4,11.95,12.01,11.86,4.59,4.71,4.62,90,90,2.02,405.122676,1.194,0.464,9,2,N,1,,RC,
TW-11-73-4.5,11.82,11.86,11.79,4.78,4.49,4.55,97,98,2.45,461.3544847,1.182333333,0.4606666667,9.75,2,N,1,,RC,
TW-11-73-5,11.82,11.85,11.84,4.71,4.61,4.69,82,81,1.86,412.8659217,1.183666667,0.467,8.15,2,N,1,,RC,
TW-11-73-6,11.83,11.91,12.03,4.53,4.55,4.59,59,59,1.35,421.1500063,1.192333333,0.4556666667,5.9,2,N,1,,RC,
TW-12-21-1,11.63,11.77,11.65,4.24,4.52,4.8,194,193,4.62,452.1221705,1.168333333,0.452,19.35,2,N,1,1,,
TW-12-21-2,11.75,11.67,11.54,4.66,4.39,4.34,150,154,3.24,409.8188504,1.165333333,0.4463333333,15.2,2,N,1,1,Drop 5th ring,
TW-12-21-3,11.72,11.59,11.65,4.84,4.49,4.51,138,138,3.13,421.890986,1.165333333,0.4613333333,13.8,2,N,1,1,,
TW-12-21-4,11.94,11.67,11.46,4.52,4.63,4.62,129,129,2.85,411.7446387,1.169,0.459,12.9,2,N,1,1,,
TW-12-21-4.5,11.48,11.63,11.65,4.59,4.44,4.7,162,160,3.58,419.3236477,1.158666667,0.4576666667,16.1,2,N,1,1,,
TW-12-21-5,11.58,11.67,11.75,4.55,4.67,4.64,103,105,2.29,408.5200514,1.166666667,0.462,10.4,2,N,1,1,,
TW-12-21-6,11.86,11.72,11.82,4.58,4.68,4.64,103,103,2.1,372.912136,1.18,0.4633333333,10.3,2,N,1,1,,
TW-12-21-7,11.6,11.67,11.76,4.5,4.61,4.72,86,86,1.87,403.9460329,1.167666667,0.461,8.6,2,N,1,1,Drop ring 8 thru 14,
TW-12-21-8,11.67,11.7,11.71,4.54,4.59,4.63,61,58,1.39,435.5743782,1.169333333,0.4586666667,5.95,2,N,1,1,,
TW-12-238-1,11.76,11.75,12.03,4.66,4.61,4.47,147,150,3.53,438.113469,1.184666667,0.458,14.85,2,N,1,,,
TW-12-238-2,11.87,11.76,11.7,4.64,4.57,4.47,113,114,2.66,436.413875,1.177666667,0.456,11.35,2,N,1,,,
TW-12-238-3,11.96,11.8,11.75,4.54,4.57,4.52,107,106,2.47,431.2641193,1.183666667,0.4543333333,10.65,2,N,1,,,
TW-12-238-4,12.02,11.79,11.61,4.63,4.56,4.49,94,94,2.14,422.857244,1.180666667,0.456,9.4,2,N,1,,,
TW-12-238-4.5,11.55,11.66,11.76,4.62,4.46,4.62,130,129,3.16,458.3989606,1.165666667,0.4566666667,12.95,2,N,1,,,
TW-12-238-5,11.86,11.8,11.86,4.56,4.36,4.4,74,75,1.77,451.9416024,1.184,0.444,7.45,2,N,1,,,
TW-12-238-6,11.67,11.76,11.8,4.56,4.53,4.3,58,59,1.37,446.8008497,1.174333333,0.4463333333,5.85,2,N,1,,,
TW-12-296-1,11.96,12.19,12.1,4.92,4.85,5.01,122,122,3.8,523.2193903,1.208333333,0.4926666667,12.2,2,N,1,,,
TW-12-296-2,11.83,12.03,12.11,4.88,4.79,4.88,101,101,2.82,480.1388112,1.199,0.485,10.1,2,S,1,,,
TW-12-296-3,12.13,12.09,12.08,5.02,5,4.91,105,105,3.06,483.9585915,1.21,0.4976666667,10.5,2,N,1,,,
TW-12-296-4,12.2,12.04,12.12,4.98,4.93,5,96,96,2.4,415.0314428,1.212,0.497,9.6,2,N,1,,,
TW-12-296-4.5,12.22,12.28,12.3,4.82,4.78,5,119,119,3.48,489.8624131,1.226666667,0.4866666667,11.9,2,S,1,,,
TW-12-296-5,12.07,11.82,11.92,4.86,4.89,4.99,87,87,2.11,413.5270351,1.193666667,0.4913333333,8.7,2,S,1,,,
TW-12-296-6,11.95,11.52,11.71,4.95,4.9,4.97,77,78,1.83,407.6128417,1.172666667,0.494,7.75,2,N,1,,,
TW-12-296-7,11.86,11.85,12.23,4.66,4.88,4.81,71,70,1.78,440.5989125,1.198,0.4783333333,7.05,2,N,1,,,
TW-13-133-1,12.12,12.07,11.86,5,4.9,5.09,179,175,5.26,494.9349074,1.201666667,0.4996666667,17.7,2,N,1,,Definitely mis-numbered. 6 is way longer than the others,
TW-13-133-2,12.21,12.12,12.18,5.09,4.93,4.96,107,115,2.97,440.3036987,1.217,0.4993333333,11.1,2,N,1,,Definitely mis-numbered. 6 is way longer than the others,
TW-13-133-3,12.38,12.1,12,4.81,4.99,4.68,110,110,2.67,413.5592072,1.216,0.4826666667,11,2,N,1,,Definitely mis-numbered. 6 is way longer than the others,
TW-13-133-4,12,12.14,12.34,5.17,5.12,5,83,83,2.02,392.6932818,1.216,0.5096666667,8.3,2,N,1,,Definitely mis-numbered. 6 is way longer than the others,
TW-13-133-4.5,12.1,12.21,12.26,4.95,4.92,4.96,120,119,3,416.610055,1.219,0.4943333333,11.95,2,N,1,,Definitely mis-numbered. 6 is way longer than the others,
TW-13-133-5,12.03,12.27,12.02,4.8,4.98,4.96,65,65,1.53,395.7102139,1.210666667,0.4913333333,6.5,2,N,1,,Definitely mis-numbered. 6 is way longer than the others,
TW-13-133-6,12.38,12.2,12.22,5.15,5.01,4.93,106,108,2.6,393.8175094,1.226666667,0.503,10.7,2,N,1,,Definitely mis-numbered. 6 is way longer than the others,
TW-13-176-1,12.12,12.62,12.73,5.4,5.34,5.2,130,132,4.24,487.7138179,1.249,0.5313333333,13.1,2,N,1,1,,
TW-13-176-2,12.14,12.13,12.28,5.22,5.27,5.32,94,94,2.72,450.675873,1.218333333,0.527,9.4,2,N,1,1,,
TW-13-176-3,12.06,12.39,12.55,5.09,5.25,5.16,89,90,2.55,447.1221988,1.233333333,0.5166666667,8.95,2,N,1,1,,
TW-13-176-4,12.51,12.18,11.82,5.08,5.29,5.25,75,77,2.08,431.9160966,1.217,0.5206666667,7.6,2,N,1,1,,
TW-13-176-4.5,12.54,12.74,12.4,5.19,5.23,5.32,102,102,3.13,465.6622723,1.256,0.5246666667,10.2,2,N,1,1,,
TW-13-176-5,12.46,12.59,12.68,5.3,5.26,5,59,58,1.67,437.6296281,1.257666667,0.5186666667,5.85,2,N,1,1,,
TW-13-176-6,12.76,12.42,12.38,5.19,5.22,5.23,50,50,1.46,447.3660557,1.252,0.5213333333,5,2,N,1,1,,
TW-13-94-1,12.14,12.54,12.3,5.02,5.14,4.77,131,129,4.36,546.7124096,1.232666667,0.4976666667,13,2,S,1,,,
TW-13-94-2,12.42,12.56,12.55,5.01,5.09,4.88,106,106,3.19,481.7668902,1.251,0.4993333333,10.6,2,S,1,,,
TW-13-94-3,12.74,12.6,12.63,5.29,5.4,5,119,118,3.3,420.7019822,1.265666667,0.523,11.85,2,N,1,,,
TW-13-94-4,12.62,12.57,12.47,5.05,5.37,5.34,86,86,2.23,393.1989889,1.255333333,0.5253333333,8.6,2,N,1,,,
TW-13-94-4.5,12.56,12.53,12.57,5.33,5.38,5.14,109,107,3.5,488.6267244,1.255333333,0.5283333333,10.8,2,N,1,,,
TW-13-94-5,12.01,12.33,12.5,4.99,5.21,5.25,90,92,2.34,406.6013996,1.228,0.515,9.1,2,N,1,,,
TW-13-94-6,12.39,12.41,12.61,5.42,5.35,5.12,64,61,1.86,450.5716173,1.247,0.5296666667,6.25,2,N,1,,,
TW-14-189-1,12.3,12.45,12.03,4.91,5.31,4.97,218,218,7.28,537.9574129,1.226,0.5063333333,21.8,2,N,1,1,,
TW-14-189-2,12.2,12.2,12.27,5.44,5.31,5.28,157,159,5.08,492.2715106,1.222333333,0.5343333333,15.8,2,N,1,1,,
TW-14-189-3,12.62,12.67,12.64,5.35,5.28,5.25,141,141,4.1,434.4841247,1.264333333,0.5293333333,14.1,2,N,1,1,,
TW-14-189-4,12.72,12.71,12.6,5.19,5.31,5.35,137,137,3.66,398.8847526,1.267666667,0.5283333333,13.7,2,N,1,1,,
TW-14-189-4.5,12.6,12.69,12.66,5.19,4.89,5.25,172,171,5.21,469.9613831,1.265,0.511,17.15,2,N,1,1,,
TW-14-189-5,12.19,12.38,12.49,5.33,5.35,5.36,113,112,3.04,409.1229024,1.235333333,0.5346666667,11.25,2,N,1,1,,
TW-14-189-6,12.38,12.61,12.58,5.28,5.14,4.77,110,111,3.08,439.573982,1.252333333,0.5063333333,11.05,2,N,1,1,,
TW-14-189-7,12.53,12.54,12.42,5.23,5.28,5.26,79,78,2.13,413.052564,1.249666667,0.5256666667,7.85,2,N,1,1,,
TW-14-189-8,12.39,12.63,12.6,5.53,5.42,5.44,50,50,1.44,420.3753602,1.254,0.5463333333,5,2,N,1,1,,
TW-14-212-1,12.24,12.35,12.33,4.57,5.1,5.11,229,230,7.12,511.6861793,1.230666667,0.4926666667,22.95,2,N,1,,,
TW-14-212-2,12.36,12.48,12.21,5.07,5.18,5.29,166,169,4.8,447.950173,1.235,0.518,16.75,2,N,1,,,
TW-14-212-3,12.17,12.21,12.16,5.13,5.23,4.93,153,152,3.92,414.0785219,1.218,0.5096666667,15.25,2,N,1,,,
TW-14-212-4,12.3,12.27,12.24,5.19,5.08,5.08,129,128,3.18,394.17793,1.227,0.5116666667,12.85,2,N,1,,,
TW-14-212-4.5,12.56,12.38,12.42,5.11,5.14,5.22,172,173,5.06,456.7796481,1.245333333,0.5156666667,17.25,2,N,1,,,
TW-14-212-5,11.9,12.02,11.99,5.3,5.25,4.08,127,128,3.15,423.2365321,1.197,0.4876666667,12.75,2,N,1,,,
TW-14-212-6,12.42,12.07,12.44,5.36,5.23,4.82,108,109,2.93,427.0693905,1.231,0.5136666667,10.85,2,N,1,,,
TW-14-212-7,12.42,12.39,12.49,5.4,5.4,5.23,84,84,2.29,410.3518083,1.243333333,0.5343333333,8.4,2,N,1,,,
TW-14-237-1,12.26,12.14,11.81,4.89,5.15,5.22,172,174,4.79,450.9712556,1.207,0.5086666667,17.3,2,N,1,,,
TW-14-237-2,12.14,12.16,12.28,5.08,5.08,4.86,166,166,3.98,392.738846,1.219333333,0.5006666667,16.6,2,N,1,,,
TW-14-237-3,11.92,12.09,12.27,5.18,4.92,4.88,165,164,3.74,376.5035865,1.209333333,0.4993333333,16.45,2,N,1,,,
TW-14-237-4,11.98,12.08,11.85,5.15,5.19,4.66,145,143,3.4,394.5047805,1.197,0.5,14.4,2,N,1,,,
TW-14-237-4.5,12.06,12.1,12.31,4.9,4.73,4.95,167,169,4,402.9952542,1.215666667,0.486,16.8,2,N,1,,,
TW-14-237-5,12.27,12.25,12.01,4.79,4.9,4.59,140,140,3.09,380.7983637,1.217666667,0.476,14,2,N,1,,,
TW-14-237-6,11.89,11.83,11.93,5.03,5.03,4.9,110,109,2.4,369.8694864,1.188333333,0.4986666667,10.95,2,N,1,,,
TW-14-237-7,11.93,11.67,12.05,4.82,4.95,4.96,93,93,2.16,398.0622844,1.188333333,0.491,9.3,2,N,1,,,
TW-14-237-8,12.09,12.17,12.02,4.73,4.9,4.93,53,53,1.2,385.7618116,1.209333333,0.4853333333,5.3,2,N,1,,,
TW-15-139-1,11.9,11.85,12.16,4.92,4.88,5.09,167,166,4.33,437.7297509,1.197,0.4963333333,16.65,2,S,1,1,Only 85 rings?,
TW-15-139-2,12.09,12.11,12.06,5.11,4.93,4.92,157,158,3.83,403.4607876,1.208666667,0.4986666667,15.75,2,N,1,1,"All are low, must be a younger tree",
TW-15-139-3,12.27,12.01,12.33,5.01,4.98,5,140,139,3.21,377.3739977,1.220333333,0.4996666667,13.95,2,N,1,1,"Actually, this tree is great. Would be a good example",
TW-15-139-4,12.23,12.2,12.06,5.1,5.06,4.83,114,113,2.47,358.0701391,1.216333333,0.4996666667,11.35,2,N,1,1,,
TW-15-139-4.5,11.95,11.93,12.13,5.01,4.9,5,163,162,4.14,427.0598276,1.200333333,0.497,16.25,2,S,1,1,,
TW-15-139-5,12.12,12.11,12.02,5.13,5,4.97,84,84,1.94,379.7344469,1.208333333,0.5033333333,8.4,2,N,1,1,broken near 2017. Unsure of start,
TW-15-139-6,12.48,12.34,12.25,5.1,5.06,5.02,59,58,1.4,382.7545142,1.235666667,0.506,5.85,2,N,1,1,,
TW-15-36-1,12.7,12.65,12.18,4.83,5.12,5.17,231,231,6.88,472.376857,1.251,0.504,23.1,2,N,1,1,RC,
TW-15-36-2,12.27,12.57,12.43,4.92,4.88,4.84,165,164,3.82,383.0359181,1.242333333,0.488,16.45,2,N,1,1,RC,
TW-15-36-3,12.44,12.59,12.45,4.98,4.96,5.15,150,149,3.43,365.0956133,1.249333333,0.503,14.95,2,N,1,1,RC,
TW-15-36-4,12.65,12.56,12.44,4.98,5,5.1,135,134,3.29,387.7482094,1.255,0.5026666667,13.45,2,N,1,1,RC,
TW-15-36-4.5,12.74,12.67,12.34,5.11,5.3,5.16,171,170,4.76,427.4836514,1.258333333,0.519,17.05,2,N,1,1,RC,
TW-15-36-5,12.45,12.5,12.27,5.16,5.23,5.08,94,93,2.44,407.9003166,1.240666667,0.5156666667,9.35,2,N,1,1,RC,
TW-15-76-1,11.96,12.18,12.04,4.96,4.85,4.88,201,202,5.3,445.4028281,1.206,0.4896666667,20.15,2,N,1,1,RC,
TW-15-76-2,11.98,11.95,12.14,4.98,5.04,4.98,162,164,4.22,430.6554569,1.202333333,0.5,16.3,2,N,1,1,RC,
TW-15-76-3,11.95,12.17,12.22,4.58,5.09,5.07,168,169,3.98,396.8654296,1.211333333,0.4913333333,16.85,2,N,1,1,RC,
TW-15-76-4,12.26,12.25,11.96,4.94,4.87,4.77,133,134,3.18,403.1763756,1.215666667,0.486,13.35,2,N,1,1,RC,
TW-15-76-4.5,12.23,12.15,12.42,5.21,5.14,4.78,164,164,4.37,430.7183273,1.226666667,0.5043333333,16.4,2,N,1,1,RC,
TW-15-76-5,12.24,12.24,12.11,4.96,4.89,4.54,119,112,2.78,411.4168907,1.219666667,0.4796666667,11.55,2,N,1,1,RC,
TW-15-76-6,12.36,12.43,12.3,4.77,5.02,5.01,79,80,1.92,395.9661498,1.236333333,0.4933333333,7.95,2,N,1,1,RC,
TW-15-76-7,12.25,12.29,12.42,4.83,4.82,4.87,47,48,1.08,381.3063839,1.232,0.484,4.75,2,N,1,1,RC,
TW-16-34-1,11.57,11.67,11.85,4.86,4.42,4.87,352,348,10.92,565.532145,1.169666667,0.4716666667,35,2,N,1,,,
TW-16-34-2,12.6,12.68,12.29,4.84,4.92,4.92,233,234,7.1,496.1885321,1.252333333,0.4893333333,23.35,2,N,1,,Unsure of ID. 2? Longer than others,
TW-16-34-3,12.51,12.6,12.44,5.08,5.2,5.11,220,220,5.89,416.9524809,1.251666667,0.513,22,2,N,1,,Labeled 16-34-3?,
TW-16-34-4,12.43,12.63,12.64,4.94,5.21,5.07,186,186,5.01,422.4849943,1.256666667,0.5073333333,18.6,2,N,1,,,
TW-16-34-4.5,12.1,12.44,12.61,4.91,5.12,5.07,208,206,6.48,502.2401227,1.238333333,0.5033333333,20.7,2,N,1,,Shorter than 2 and 3. ID correct?,
TW-16-34-5,12.14,12.43,12.26,4.69,5.18,5.32,173,174,4.27,395.9236209,1.227666667,0.5063333333,17.35,2,N,1,,,
TW-16-34-6,12.27,12.15,11.98,4.98,5.02,5.23,140,138,3.35,391.2652061,1.213333333,0.5076666667,13.9,2,N,1,,,
TW-16-34-7,12.3,12.11,12.04,5.09,4.75,5,97,97,2.31,396.2336193,1.215,0.4946666667,9.7,2,N,1,,,
TW-16-34-8,12.29,12.33,12.23,5.23,5.26,5.17,74,72,1.9,405.9233185,1.228333333,0.522,7.3,2,N,1,,,
TW-16-44-1,11.45,11.89,12.05,4.75,4.29,4.54,294,295,7.8,495.9883554,1.179666667,0.4526666667,29.45,2,N,1,1,Very obvious CW in Ring 2; super long sample,
TW-16-44-2,12.35,12.27,12.19,4.94,4.96,4.94,208,209,5.78,456.7352912,1.227,0.4946666667,20.85,2,N,1,1,Broken near 2017,
TW-16-44-3,12.3,12.59,12.38,4.8,4.75,4.86,240,240,6.21,433.6102046,1.242333333,0.4803333333,24,2,N,1,1,,
TW-16-44-4,12.57,12.4,12.1,4.76,4.95,4.79,214,215,5.1,398.1024046,1.235666667,0.4833333333,21.45,2,N,1,1,Broken near 2017- start year unknown,
TW-16-44-4.5,12.17,12.15,12.04,4.9,4.74,4.93,276,276,7.72,475.1900095,1.212,0.4856666667,27.6,2,N,1,1,,
TW-16-44-5,12.39,12.53,12.2,5.07,5.07,5.09,194,194,4.75,389.7862529,1.237333333,0.5076666667,19.4,2,N,1,1,,
TW-16-44-6,12.36,12.75,12.7,5.25,5.14,5.03,168,168,5.33,489.744295,1.260333333,0.514,16.8,2,N,1,1,2002 shows up strongly on this and previous; strong CW near pith; drop first 7 rings,
TW-16-44-7,12.5,12.47,12,5,5.1,4.97,138,139,3.56,415.2216894,1.232333333,0.5023333333,13.85,2,N,1,1,,
TW-16-44-8,12.32,12.28,12.3,5.06,5.12,4.88,112,110,2.76,402.6959619,1.23,0.502,11.1,2,N,1,1,,
TW-16-44-9,12.65,12.67,12.35,4.97,5.12,5.08,87,87,2.62,474.289322,1.255666667,0.5056666667,8.7,2,N,1,1,"Drop first 3 or 4 rings, CW",Missing 2002
TW-16-55-1,13.26,12.76,12.32,5.07,4.94,4.89,287,288,8.83,483.8680953,1.278,0.4966666667,28.75,2,N,1,,,
TW-16-55-2,12.21,12.16,12.24,5.05,5.04,4.92,200,201,4.98,406.7963562,1.220333333,0.5003333333,20.05,2,N,1,,,
TW-16-55-3,12.25,12.14,12.1,4.97,5.13,5.12,193,193,4.46,374.4825137,1.216333333,0.5073333333,19.3,2,N,1,,,
TW-16-55-4,11.87,12.02,12,4.91,4.93,4.95,195,195,4.4,382.5770748,1.196333333,0.493,19.5,2,S,1,,,
TW-16-55-4.5,12.54,12.77,12.75,4.81,4.82,4.98,265,266,6.85,417.5894861,1.268666667,0.487,26.55,2,N,1,,,
TW-16-55-5,12.44,12.35,12.33,5.16,5.11,5.06,175,176,4.18,376.6964679,1.237333333,0.511,17.55,2,N,1,,,
TW-16-55-6,12.34,12.33,12.3,5.24,5.27,5.15,150,150,3.72,385.5253872,1.232333333,0.522,15,2,N,1,,,
TW-16-55-7,12.4,12.47,12.4,5.17,4.97,5.04,124,124,3.04,389.9987756,1.242333333,0.506,12.4,2,N,1,,,
TW-16-55-8,11.92,11.87,11.97,5.17,5.25,5.38,76,76,2.46,515.5958667,1.192,0.5266666667,7.6,2,N,1,,,
TW-17-117-1,12.17,10.66,12.26,5.22,4.95,5,240,239,7.1,501.2176909,1.169666667,0.5056666667,23.95,?,N,1,1,,Missing 2002 up to #5. Then begins to appear
TW-17-117-2,12.53,12.51,12.5,5.13,5.11,4.81,150,150,3.63,385.5024187,1.251333333,0.5016666667,15,?,N,1,1,,
TW-17-117-3,12.46,12.52,12.43,4.77,4.91,5.16,180,180,4,360.2536474,1.247,0.4946666667,18,?,N,1,1,,
TW-17-117-4,12.53,12.39,12.55,5.27,4.9,5,171,172,3.76,347.1338429,1.249,0.5056666667,17.15,?,N,1,1,,
TW-17-117-4.5,12.23,12.37,12.46,5.41,5.31,5.08,185,181,5.42,455.2272009,1.235333333,0.5266666667,18.3,?,N,1,1,"compression wood near pith, highly curved rings, probably want to drop the first 8 or so",
TW-17-117-5,12.1,12.36,12.36,5.29,5.19,4.37,147,148,3.28,366.0278198,1.227333333,0.495,14.75,?,N,1,1,weirdness near pith- check,
TW-17-117-6,12.49,12.58,12.43,5.24,5.22,4.99,108,108,2.4,345.1995685,1.25,0.515,10.8,?,N,1,1,,
TW-17-117-7,12.45,12.34,12.48,4.95,5.08,5.1,77,77,1.78,368.9550557,1.242333333,0.5043333333,7.7,?,N,1,1,,
TW-17-117-8,12.49,12.43,12.44,5.15,5.16,4.9,74,73,2.57,553.7990572,1.245333333,0.507,7.35,?,N,1,1,Heavy compression wood,
TW-17-163-1,11.44,12.19,11.9,4.98,4.85,5.14,226,228,6.24,465.1405843,1.184333333,0.499,22.7,?,N,1,,,
TW-17-163-2,12.31,12.36,12.46,4.79,5.06,5.31,174,173,4.39,404.560428,1.237666667,0.5053333333,17.35,?,N,1,,,
TW-17-163-3,12.38,12.49,12.64,4.82,5.04,5,164,164,3.95,388.8927828,1.250333333,0.4953333333,16.4,?,N,1,,,
TW-17-163-4,12.33,12.29,12.46,5.23,5.08,5.31,154,155,3.9,392.2454167,1.236,0.5206666667,15.45,?,N,1,,,
TW-17-163-4.5,12.07,12.44,12.36,5.01,5.23,5.04,181,182,4.68,411.9222408,1.229,0.5093333333,18.15,?,N,1,,,
TW-17-163-5,12.26,12.3,12.39,5,5.19,4.81,131,126,3.37,425.8567946,1.231666667,0.5,12.85,?,N,1,,,
TW-17-163-6,12.38,12.35,12.5,5.16,5.04,4.74,100,98,2.56,418.4115327,1.241,0.498,9.9,?,N,1,,,
TW-17-163-7,12.22,12.3,12.22,5.06,5.22,4.95,61,62,1.78,465.5307153,1.224666667,0.5076666667,6.15,?,N,1,,,
TW-17-19-1,11.77,12.33,12.27,5.02,4.87,5.04,232,235,7.11,504.6869981,1.212333333,0.4976666667,23.35,?,N,1,1,missing labels,
TW-17-19-2,11.77,12.21,12.41,5.31,5.22,5.1,177,177,4.41,394.2455491,1.213,0.521,17.7,?,N,1,,Some of the 17-19's poor quality,
TW-17-19-3,12.08,12.48,12.4,5.24,4.64,4.72,175,175,4.88,465.0926373,1.232,0.4866666667,17.5,?,N,1,,,
TW-17-19-4,12.14,12.1,12.42,5.19,4.91,5.05,150,149,4.07,441.1544176,1.222,0.505,14.95,?,N,1,,,
TW-17-19-4.5,12.35,12.39,12.4,5.04,4.96,5.18,186,185,5.36,461.2641629,1.238,0.506,18.55,?,N,1,,,
TW-17-19-5,12.15,12.17,12.07,5.07,4.83,4.85,137,137,3.45,422.247378,1.213,0.4916666667,13.7,?,N,1,,,
TW-17-19-6,12.47,12.5,12.09,5.19,5.27,5.29,114,121,3.51,460.6019648,1.235333333,0.525,11.75,?,N,1,,,
TW-17-19-7,12.18,12.28,12.33,5.03,4.73,5.05,67,68,1.69,413.5619695,1.226333333,0.4936666667,6.75,?,N,1,,,
TW-17-19-8,12.25,12.47,12.38,5.03,5.1,5,35,34,0.88,408.9716926,1.236666667,0.5043333333,3.45,?,N,1,,,
TW-18-111-1,11.61,12.28,12.24,4.82,4.92,5.4,298,296,8.75,484.7304211,1.204333333,0.5046666667,29.7,2,N,1,1,AJ,
TW-18-111-2,12.45,12.47,12.48,5.32,5.25,5.41,215,214,6.04,424.0370206,1.246666667,0.5326666667,21.45,2,N,1,1,AJ,
TW-18-111-3,12.66,12.73,12.71,5.34,5.32,5.17,199,198,5.26,395.422932,1.27,0.5276666667,19.85,2,N,1,1,AJ,
TW-18-111-4,12.3,12.21,12.09,5.33,5.17,5.16,165,168,4.32,407.417027,1.22,0.522,16.65,2,N,1,1,AJ,
TW-18-111-4.5,10.96,12.06,11.83,5.01,5.08,5.18,215,217,5.76,450.9926065,1.161666667,0.509,21.6,2,N,1,1,AJ,
TW-18-111-5,12.43,12.16,12.38,5.05,5.21,5.19,148,147,3.75,400.5934302,1.232333333,0.515,14.75,2,N,1,1,AJ,
TW-18-111-6,12.59,12.61,12.2,5.28,5.45,4.94,102,100,2.71,412.049914,1.246666667,0.5223333333,10.1,2,N,1,1,AJ,
TW-18-111-7,12.41,12.49,12.57,6.74,5.34,5,71,71,2.02,400.09578,1.249,0.5693333333,7.1,2,N,1,1,AJ,
TW-18-111-8,12,12.46,12.4,5.08,5.15,5.1,50,48,1.27,412.812334,1.228666667,0.511,4.9,2,N,1,1,AJ,
TW-18-117-1,12.19,12.39,11.65,3.75,4.51,5.09,234,231,6.73,538.6231516,1.207666667,0.445,23.25,?,N,1,skipped,Bad; broken into four and reassembled incorrectly,
TW-18-117-2,12.4,12.18,12.07,5.37,5.87,5.34,199,200,6.31,468.4577881,1.221666667,0.5526666667,19.95,?,N,1,1,some grooves,
TW-18-117-3,12.41,12.19,12.01,5.04,4.59,4.41,186,187,4.63,434.6881766,1.220333333,0.468,18.65,?,N,1,1,"snipe near pith, few grooves",
TW-18-117-4,12.39,12.5,12.31,4.98,5.2,5.38,172,172,4.49,405.8895508,1.24,0.5186666667,17.2,?,N,1,1,AJ,
TW-18-117-4.5,13.17,12.5,11.96,4.44,5.08,5.25,227,228,6.96,495.3995804,1.254333333,0.4923333333,22.75,?,N,1,1,Some grooves,
TW-18-117-5,12.42,12.41,12.36,5.14,4.94,5.09,133,134,3.5,418.2322602,1.239666667,0.5056666667,13.35,?,N,1,1,AJ,
TW-18-117-6,12.36,12.55,12.41,5.01,4.85,4.71,118,116,2.98,421.5719677,1.244,0.4856666667,11.7,?,N,1,1,AJ,
TW-18-117-7,12.31,12.41,11.56,5.12,5.08,5.19,96,95,2.52,425.3376041,1.209333333,0.513,9.55,?,N,1,1,AJ,
TW-18-67-1,12.33,12.69,12.49,4.84,5.37,5.08,239,239,6.64,435.9715386,1.250333333,0.5096666667,23.9,?,N,1,1,,
TW-18-67-2,12.41,12.62,12.58,5.15,5.12,5.1,207,208,5.47,410.425687,1.253666667,0.5123333333,20.75,?,N,1,1,,
TW-18-67-3,11.35,12.46,12.62,5.11,4.69,4.64,227,228,5.19,390.3031909,1.214333333,0.4813333333,22.75,?,N,1,1,,
TW-18-67-4,12.59,12.55,12.63,5.32,5.25,5.53,193,193,4.92,377.291866,1.259,0.5366666667,19.3,?,N,1,1,,
TW-18-67-4.5,12.38,12.69,12.41,5.1,5.22,5.15,228,229,5.99,406.9051921,1.249333333,0.5156666667,22.85,?,N,1,1,,
TW-18-67-5,12.16,12,12.6,5.12,5.2,5.31,163,163,4.26,409.3832066,1.225333333,0.521,16.3,?,N,1,1,,
TW-18-67-6,12.59,12.31,12.62,4.7,5.23,5,122,122,3.15,414.830419,1.250666667,0.4976666667,12.2,?,N,1,1,,
TW-18-67-7,12.47,12.4,12.44,4.87,5.14,5.2,61,65,1.69,425.4359655,1.243666667,0.507,6.3,?,N,1,1,,
TW-18-67-8,12.77,12.68,12.58,5.11,5.16,5.12,46,46,1.19,397.8017542,1.267666667,0.513,4.6,?,N,1,1,,
TW-2-119-1,12.77,13.14,13.11,5.78,6.1,5.76,147,148,5.2,460.9650374,1.300666667,0.588,14.75,1,N,1,1,,
TW-2-119-2,12.97,13.07,13.18,5.67,5.81,5.88,131,130,3.87,391.9996259,1.307333333,0.5786666667,13.05,1,N,1,1,,
TW-2-119-3,12.88,12.99,13,5.8,5.88,5.81,123,122,3.55,383.6457784,1.295666667,0.583,12.25,1,N,1,1,,
TW-2-119-4,12.9,13.08,13.37,5.78,5.82,5.68,108,109,2.89,352.5511529,1.311666667,0.576,10.85,1,N,1,1,,
TW-2-119-4.5,13.13,12.97,12.26,5.78,5.91,5.67,145,144,4.39,410.5923592,1.278666667,0.5786666667,14.45,1,N,1,1,,
TW-2-119-5,12.99,13.11,13.08,5.8,5.56,5.33,98,97,2.86,403.7226902,1.306,0.5563333333,9.75,1,N,1,1,,
TW-2-119-6,13.06,13.02,13.2,5.84,5.93,5.96,79,78,2.27,373.6960395,1.309333333,0.591,7.85,1,N,1,1,Bad; curved rings,
TW-2-119-7,12.81,12.9,12.96,5.67,5.85,5.8,51,50,1.51,401.7963793,1.289,0.5773333333,5.05,1,N,1,1,,
TW-2-211-1,12.56,12.49,12.61,5.55,5.33,5.33,151,149,4.46,438.3517842,1.255333333,0.5403333333,15,1,N,1,1,,
TW-2-211-2,12.78,12.82,12.6,5.4,5.45,5.41,130,130,3.35,373.3877452,1.273333333,0.542,13,1,N,1,1,,
TW-2-211-3,12.56,12.77,12.84,5.34,5.48,5.39,139,140,3.48,362.8627361,1.272333333,0.5403333333,13.95,1,N,1,1,,
TW-2-211-4,12.57,12.73,12.85,5.57,5.54,5.68,95,93,2.74,409.5623066,1.271666667,0.5596666667,9.4,1,N,1,1,Bad; curved rings; branch near pith,
TW-2-211-4.5,12.58,12.54,12.62,5.26,5.48,5.44,137,138,3.51,376.2413418,1.258,0.5393333333,13.75,1,N,1,1,,
TW-2-211-5,12.7,12.56,12.53,5.16,4.99,5.37,87,86,2.2,390.2837543,1.259666667,0.5173333333,8.65,1,N,1,1,,
TW-2-211-6,13.16,12.81,12.46,5.36,5.25,5.16,44,43,1.13,385.7710367,1.281,0.5256666667,4.35,1,N,1,1,,
TW-2-316-1,12.5,12.68,12.75,4.64,4.67,4.88,151,149,3.97,442.5644436,1.264333333,0.473,15,1,N,1,1,,
TW-2-316-2,12.78,12.96,12.97,5.09,5.43,5.45,130,130,3.48,389.7178641,1.290333333,0.5323333333,13,1,N,1,1,,
TW-2-316-3,12.82,12.87,12.53,5.32,5.53,5.45,147,146,3.97,391.486783,1.274,0.5433333333,14.65,1,N,1,1,,
TW-2-316-4,12.84,13.04,13.09,5.75,5.73,5.62,114,113,3.19,379.5865493,1.299,0.57,11.35,1,N,1,1,,
TW-2-316-4.5,12.32,12.78,12.87,5.4,5.67,5.44,132,133,4.3,465.9157764,1.265666667,0.5503333333,13.25,1,N,1,1,Drop first 12 mm- too high,
TW-2-316-5,13.07,13.13,12.79,5.68,5.67,5.62,104,104,2.95,385.8301028,1.299666667,0.5656666667,10.4,1,N,1,1,Drop first 4 mm,
TW-2-316-6,12.71,12.75,12.85,5.81,5.91,5.71,66,65,1.82,374.5096894,1.277,0.581,6.55,1,N,1,1,,
TW-3-152-1,14.84,14.58,14.65,6.12,5.78,5.88,221,220,9.25,481.8377711,1.469,0.5926666667,22.05,1,N,1,1,,
TW-3-152-2,13.28,13.27,13.43,6.13,6.18,6.31,180,180,6.15,413.069048,1.332666667,0.6206666667,18,1,N,1,1,,
TW-3-152-3,12.99,13.19,13.19,6.06,6.05,6.17,186,187,6.23,417.743897,1.312333333,0.6093333333,18.65,1,N,1,1,,
TW-3-152-4,12.69,12.71,12.71,5.48,6.08,5.95,157,158,4.43,379.3504317,1.270333333,0.5836666667,15.75,1,N,1,1,,
TW-3-152-4.5,14.17,14.07,14.27,6.14,6.12,6.15,178,179,6.37,410.3919448,1.417,0.6136666667,17.85,1,N,1,1,,
TW-3-152-5,13.13,13.07,13.23,6.06,6.18,6.17,161,160,5.18,400.1443295,1.314333333,0.6136666667,16.05,1,N,1,1,,
TW-3-152-6,12.52,12.59,12.74,5.93,5.94,6.05,121,120,4.75,523.0523805,1.261666667,0.5973333333,12.05,1,N,1,1,Peak near pith- probably should soak and re-do; completely indistinguishable near pith,
TW-3-152-7,13.29,13.27,13.3,6.09,6.03,6.03,74,75,2.22,370.7023058,1.328666667,0.605,7.45,1,N,1,1,,
TW-3-192-1,12.64,11.76,11.28,5.63,5.55,5.62,189,187,6.35,507.1357865,1.189333333,0.56,18.8,1,N,1,1,"Broken near bark, but ring count should be right; bad; many curved rings, difficult to see",
TW-3-192-2,13,12.76,12.92,5.62,5.98,5.79,154,154,4.59,398.7938266,1.289333333,0.5796666667,15.4,1,N,1,1,All 3-192's pretty bad,
TW-3-192-3,12.98,13.18,13.11,5.65,5.88,5.75,145,145,4.9,448.1939066,1.309,0.576,14.5,1,N,1,1,,
TW-3-192-4,13.21,13.21,13.19,5.81,5.52,5.64,134,131,3.39,342.5623621,1.320333333,0.5656666667,13.25,1,N,1,1,,
TW-3-192-4.5,12.89,12.85,13.17,5.91,5.89,5.23,163,166,5.1,421.0860989,1.297,0.5676666667,16.45,1,N,1,1,,
TW-3-192-5,13.13,13.02,13.09,5.31,5.51,4.91,119,120,3,366.0480836,1.308,0.5243333333,11.95,1,N,1,1,,
TW-3-192-6,13.18,13.21,13.24,5.87,5.82,5.94,96,97,3.07,409.8049378,1.321,0.5876666667,9.65,1,N,1,1,,
TW-3-216-1,13.6,13.53,13.36,6.08,6.35,6.4,204,202,7.31,425.0751842,1.349666667,0.6276666667,20.3,1,N,1,1,,Missing 2002 for all 3-216
TW-3-216-2,13.58,13.58,13.36,6.09,6.53,6.34,182,181,6.29,405.9838482,1.350666667,0.632,18.15,1,N,1,1,,
TW-3-216-3,13.17,13.46,13.46,6.15,6.23,6.33,170,170,5.37,379.0164242,1.336333333,0.6236666667,17,1,N,1,1,,
TW-3-216-4,13.43,13.54,13.76,6.38,6.43,5.93,166,167,5.49,388.7913728,1.357666667,0.6246666667,16.65,1,N,1,1,"Drop first 5 mm/3 rings, too high",
TW-3-216-4.5,13.36,13.39,13.31,6.08,6.38,6.23,191,191,6.66,419.1438759,1.335333333,0.623,19.1,1,N,1,1,,
TW-3-216-5,13.46,13.66,13.63,6.57,6.33,6.54,147,145,4.86,378.1830406,1.358333333,0.648,14.6,1,N,1,1,,
TW-3-216-6,13.43,13.57,13.57,6.47,6.44,6.54,108,109,3.67,385.7928923,1.352333333,0.6483333333,10.85,1,N,1,1,,
TW-3-216-7,13.66,13.62,13.46,5.5,5.34,5.43,77,77,2.28,402.0481367,1.358,0.5423333333,7.7,1,N,1,1,Drop first 5mm and Ring 9,
TW-4-327-1,13.59,13.59,13.61,6.29,6.15,5.57,119,120,4.74,485.9432206,1.359666667,0.6003333333,11.95,?,N,1,1,,
TW-4-327-2,13.31,13.48,13.48,5.99,6.13,6.22,85,85,3.13,448.7319166,1.342333333,0.6113333333,8.5,?,N,1,1,,
TW-4-327-3,13.47,13.59,13.68,6.32,6.34,6.35,87,85,3.02,408.0823952,1.358,0.6336666667,8.6,?,N,1,1,,
TW-4-327-4,13.4,13.38,13.35,6.29,6.22,6.19,65,65,2.26,416.9911383,1.337666667,0.6233333333,6.5,?,N,1,1,,
TW-4-327-4.5,13.27,13.34,13.77,5.96,5.98,5.88,103,104,3.63,438.6668038,1.346,0.594,10.35,?,N,1,1,,
TW-4-434-1,13.62,13.47,13.36,6.38,6.2,5.73,97,95,4.71,596.1908594,1.348333333,0.6103333333,9.6,2,S,1,1,High density; few rings is the number right?,
TW-4-434-2,13.38,13.38,13.53,6.13,6.27,6.24,71,70,2.79,474.2577323,1.343,0.6213333333,7.05,2,S,1,1,,
TW-4-434-3,13.7,13.68,13.69,6.35,6.46,6.48,83,84,3.41,463.9310954,1.369,0.643,8.35,2,S,1,1,,
TW-4-434-4,13.55,13.65,13.61,6.44,6.39,6.3,70,71,2.72,444.7753721,1.360333333,0.6376666667,7.05,2,S,1,1,,
TW-4-434-4.5,13.73,13.73,13.74,6.47,6.41,6.15,80,78,3.51,510.0192054,1.373333333,0.6343333333,7.9,2,S,1,1,,
TW-4-434-5,13.52,13.6,13.52,6.26,6.36,6.28,60,58,2.28,452.803569,1.354666667,0.63,5.9,2,S,1,1,,
TW-4-472-1,12.91,13.22,13.31,6.31,6.29,6.32,120,119,4.48,452.16254,1.314666667,0.6306666667,11.95,1,N,1,1,This tree has many tight rings near the bark,
TW-4-472-2,13.47,13.47,13.52,6.31,6.31,6.25,87,84,3.05,420.5120599,1.348666667,0.629,8.55,1,N,1,1,,
TW-4-472-3,13.36,13.35,13.25,5.94,6.16,6.43,93,93,3.5,457.4321723,1.332,0.6176666667,9.3,1,N,1,1,Grooves Ring 14-24,
TW-4-472-4,13.39,13.4,13.62,6.36,6.5,6.4,76,76,2.63,400.1653976,1.347,0.642,7.6,1,N,1,1,,
TW-4-472-4.5,13.52,13.41,13.4,6.1,6.37,6.33,102,102,3.74,435.2390649,1.344333333,0.6266666667,10.2,1,N,1,1,,
TW-4-472-5,13.28,13.47,13.57,6.32,6.38,6.38,51,52,1.98,449.781488,1.344,0.636,5.15,1,N,1,1,,
TW-5-235-1,13.76,13.81,13.55,6.66,6.76,6.34,98,97,5,568.0255251,1.370666667,0.6586666667,9.75,1,N,1,1,Drop first 8 rings,
TW-5-235-2,13.68,13.27,13.42,6.21,6.4,6.59,88,89,3.72,488.0700974,1.345666667,0.64,8.85,1,N,1,1,,
TW-5-235-3,13.62,13.58,13.58,6.5,6.61,6.51,76,77,3.18,467.5865064,1.359333333,0.654,7.65,1,N,1,1,,
TW-5-235-4,13.56,13.6,13.62,6.45,6.32,6.56,74,74,2.92,450.5205086,1.359333333,0.6443333333,7.4,1,N,1,1,,
TW-5-235-4.5,13.79,13.55,13.71,6.4,6.11,6.17,87,88,3.72,498.9848535,1.368333333,0.6226666667,8.75,1,N,1,1,Bad; almost all curved rings,
TW-5-235-5,13.9,13.62,13.32,6.1,6.09,6.37,61,60,2.48,486.7154252,1.361333333,0.6186666667,6.05,1,N,1,1,,
TW-5-235-6,13.61,13.62,13.49,6.16,6.13,6.34,46,46,1.72,443.6009836,1.357333333,0.621,4.6,1,N,1,1,,
TW-5-366-1,12.05,12.01,11.99,6.28,5.72,6.05,122,123,3.94,444.8567322,1.201666667,0.6016666667,12.25,3,N,1,1,"Bad; very rounded, indistinct rings; low ring count, is this tree younger?",
TW-5-366-2,12.08,11.97,12.14,6.1,6.21,6.5,99,100,3.48,462.4036931,1.206333333,0.627,9.95,3,N,1,,"Also low ring count, more sure of this one",
TW-5-366-3,11.99,12.02,12.08,5.55,6.25,6.37,99,99,3.26,451.9424187,1.203,0.6056666667,9.9,3,N,1,,,
TW-5-366-4,12.28,12.32,12.41,6.38,6.55,6.49,85,85,2.6,383.0263227,1.233666667,0.6473333333,8.5,3,N,1,,,
TW-5-366-4.5,11.65,11.84,11.95,5.75,6.05,6.05,102,101,3.13,438.7214526,1.181333333,0.595,10.15,3,N,1,1,,
TW-5-366-5,12.68,12.56,12.39,6.24,6.35,6.25,84,83,2.78,422.65471,1.254333333,0.628,8.35,3,N,1,,,
TW-5-366-6,12.87,12.64,12.54,6.43,6.3,6.21,58,57,1.9,412.6611935,1.268333333,0.6313333333,5.75,3,N,1,,,
TW-5-403-1,13.52,13.6,13.64,5.88,6.42,6.48,165,166,6.24,443.3016398,1.358666667,0.626,16.55,2,N,1,1,,
TW-5-403-2,13.49,13.39,13.28,6.19,6.68,6.17,125,122,4.17,397.4211344,1.338666667,0.6346666667,12.35,2,N,1,,,
TW-5-403-3,13.3,13.59,13.65,6.67,6.95,6.49,90,90,3.49,428.0846072,1.351333333,0.6703333333,9,2,N,1,,,
TW-5-403-4,13.63,13.72,13.71,6.26,6.36,6.29,81,82,2.57,365.5169744,1.368666667,0.6303333333,8.15,2,N,1,,,
TW-5-403-4.5,13.38,13.55,13.66,6.26,6.59,6.31,114,113,3.81,388.469626,1.353,0.6386666667,11.35,2,N,1,,,
TW-6-149-1,13.6,13.67,13.6,6.37,6.25,5.84,129,127,4.89,455.72732,1.362333333,0.6153333333,12.8,2,N,1,1,RC,
TW-6-149-2,13.46,13.59,12.95,6.46,6.47,6.3,109,109,3.9,418.6405988,1.333333333,0.641,10.9,2,N,1,1,RC,
TW-6-149-3,13.24,13.38,13.48,6.25,6.34,6.28,112,112,3.69,391.8632898,1.336666667,0.629,11.2,2,N,1,1,RC,
TW-6-149-4,12.82,12.94,13,6.51,6.32,6.12,100,100,3.2,392.1024041,1.292,0.6316666667,10,2,N,1,1,RC,
TW-6-149-4.5,13.41,13.59,13.49,6.2,6.31,6.54,124,124,4.71,443.199207,1.349666667,0.635,12.4,2,N,1,1,RC,
TW-6-149-5,13.5,13.43,13.41,6.46,6.5,6.35,80,79,2.75,399.6592849,1.344666667,0.6436666667,7.95,2,N,1,1,RC,
TW-6-149-6,13.23,13.21,13.37,6.26,6.25,6.24,56,55,1.88,408.4265124,1.327,0.625,5.55,2,N,1,1,RC,
TW-6-237-1,13.66,13.76,13.54,6.08,6.05,5.63,112,112,4.15,458.4264571,1.365333333,0.592,11.2,2,N,1,1,,"All these missing 2002, also missing first year"
TW-6-237-2,13.7,13.59,13.65,6.16,6.61,6.38,108,107,3.98,425.0113231,1.364666667,0.6383333333,10.75,2,N,1,1,,
TW-6-237-3,13.25,13.49,13.44,6.24,6.19,6.11,110,105,3.81,428.1927982,1.339333333,0.618,10.75,2,N,1,1,Bad; beginning is weird,
TW-6-237-4,13.33,13.49,13.45,6.29,6.09,6.24,75,74,2.58,415.6661284,1.342333333,0.6206666667,7.45,2,N,1,1,,
TW-6-237-4.5,13.26,13.38,13.21,6.35,6.37,5.94,97,97,3.45,430.4769531,1.328333333,0.622,9.7,2,N,1,1,Unusually short- shorter than both 2 and 3; drop ring 5,
TW-6-237-5,13.59,13.62,13.39,6.21,6.13,6.03,59,60,2.14,434.0143881,1.353333333,0.6123333333,5.95,2,N,1,1,,
TW-6-260-1,13.12,12.49,13.25,6.29,6.59,6.52,168,167,7.1,506.036124,1.295333333,0.6466666667,16.75,2,N,1,1,RC,
TW-6-260-2,13.55,13.12,13.14,6.22,6.06,5.71,124,123,4.35,442.6306342,1.327,0.5996666667,12.35,2,N,1,1,RC,
TW-6-260-3,13.49,13.5,13.47,5.95,6.4,6.31,122,123,4.26,414.5515106,1.348666667,0.622,12.25,2,N,1,1,RC,
TW-6-260-4,13.57,13.33,13.45,6.18,6.15,5.28,89,87,2.84,408.7664867,1.345,0.587,8.8,2,N,1,1,RC,
TW-6-260-4.5,13.58,13.5,13.33,6.29,6.1,6.38,110,110,4.46,481.0957938,1.347,0.6256666667,11,2,N,1,1,RC,
TW-6-260-5,13.42,13.38,13.48,6.28,6.2,6.34,58,60,2.13,428.6087376,1.342666667,0.6273333333,5.9,2,N,1,1,RC,
TW-6-260-6,13.63,13.62,13.56,6.39,6.43,6.36,42,41,1.6,443.3014969,1.360333333,0.6393333333,4.15,2,N,1,1,RC,
TW-6-278-1,13.33,13.42,13.38,6.39,6.29,5.66,153,156,6.2,490.7239157,1.337666667,0.6113333333,15.45,3,N,1,1,RC,
TW-6-278-2,13.33,13.41,13.16,6.16,6.45,6.43,124,120,4.64,450.5684931,1.33,0.6346666667,12.2,3,N,1,1,RC,
TW-6-278-3,13.38,13.59,13.54,6.02,5.39,6.35,129,129,4.29,416.0110694,1.350333333,0.592,12.9,3,N,1,1,RC,
TW-6-278-4,13.4,13.58,13.22,6.54,6.77,6.7,132,126,4.76,412.8446016,1.34,0.667,12.9,3,N,1,1,RC,
TW-6-278-4.5,13.44,13.35,13.31,6.43,6.26,6.13,143,142,5.35,447.7312787,1.336666667,0.6273333333,14.25,3,N,1,1,RC,
TW-6-278-5,13.48,13.55,13.53,6.21,6.16,6.39,81,81,2.64,385.505552,1.352,0.6253333333,8.1,3,N,1,1,RC,
TW-7-122-1,12.76,12.55,12.6,5.43,5.8,5.63,283,284,9.19,456.4504114,1.263666667,0.562,28.35,2,N,1,1,RC,
TW-7-122-2,13.66,13.49,12.66,6.04,7.03,6.43,211,211,7.58,416.4879789,1.327,0.65,21.1,2,N,1,1,RC,
TW-7-122-3,13.4,13.81,13.74,5.82,6.37,6.25,206,206,6.57,380.1244772,1.365,0.6146666667,20.6,2,N,1,1,RC,
TW-7-122-4,13.71,13.54,13.87,6.53,6.1,6.3,199,199,6.51,378.239344,1.370666667,0.631,19.9,2,N,1,1,RC,
TW-7-122-4.5,11.99,12.62,12.22,5.53,5.59,4.87,228,227,6.69,449.4041138,1.227666667,0.533,22.75,2,N,1,1,RC,
TW-7-122-5,13.64,13.7,13.68,6.49,6.77,6.51,165,164,6.04,407.484619,1.367333333,0.659,16.45,2,N,1,1,RC,
TW-7-122-6,13.48,13.63,13.74,5.68,5.75,4.88,146,146,4.48,414.4972425,1.361666667,0.5436666667,14.6,2,N,1,1,RC,
TW-7-122-7,13.75,13.75,13.75,6.46,6.54,6.4,104,104,3.86,417.4176339,1.375,0.6466666667,10.4,2,N,1,1,RC,
TW-7-122-8,13.46,13.37,13.66,6.4,6.59,6.4,57,57,2.26,454.5173931,1.349666667,0.6463333333,5.7,2,N,1,1,RC early/late wood has hole,
TW-7-93-1,13.71,13.62,13.59,6.51,6.55,6.21,282,283,12,484.8283016,1.364,0.6423333333,28.25,2,N,1,1,RC,
TW-7-93-2,13.39,13.89,13.67,6.4,6.49,6.59,184,185,6.98,426.8337017,1.365,0.6493333333,18.45,2,N,1,1,RC,
TW-7-93-3,13.91,13.75,13.64,6.5,6.34,6.09,209,211,7.92,434.1579228,1.376666667,0.631,21,2,N,1,1,RC,
TW-7-93-4,13.56,13.6,13.95,6.3,6.51,6.5,189,189,7.07,424.1020468,1.370333333,0.6436666667,18.9,2,N,1,1,RC,
TW-7-93-4.5,13.75,13.76,13.85,5.86,6.3,6.2,217,217,8.47,462.6078297,1.378666667,0.612,21.7,2,N,1,1,RC,
TW-7-93-5,13.81,13.87,13.63,6.53,6.76,6.56,146,146,5.78,434.5120111,1.377,0.6616666667,14.6,2,N,1,1,RC,
TW-7-93-6,13.39,13.87,13.41,6.68,6.58,6.26,124,122,4.73,435.9579011,1.355666667,0.6506666667,12.3,2,N,1,1,RC,
TW-7-98-1,13.14,13.06,12.55,5.64,5.17,5.67,270,270,9.76,509.4477503,1.291666667,0.5493333333,27,2,N,1,1,"Ring 7, dont trust",
TW-7-98-2,12.73,12.86,12.7,5.95,5.77,5.85,204,204,6.68,438.0580612,1.276333333,0.5856666667,20.4,2,N,1,1,Drop ring 1-4,
TW-7-98-3,12.42,12.76,12.81,5.81,5.6,5.46,172,104,5.53,562.7353249,1.266333333,0.5623333333,13.8,2,N,1,1,,
TW-7-98-4,12.85,12.86,12.99,5.59,5.54,5.36,156,155,4.86,440.7748077,1.29,0.5496666667,15.55,2,N,1,1,,
TW-7-98-4.5,12.94,12.85,12.82,5.44,5.6,5.53,233,235,8.14,489.3603148,1.287,0.5523333333,23.4,2,N,1,1,Missing some rings near pith,
TW-7-98-5,12.99,13.02,12.62,5.59,5.76,5.38,107,106,3.39,443.2736857,1.287666667,0.5576666667,10.65,2,N,1,1,Pith rings indistinct; Drop first 5,
TW-7-98-6,12.6,12.76,12.78,5.52,5.62,5.42,81,80,2.48,438.9926902,1.271333333,0.552,8.05,2,N,1,1,,
TW-7-98-7,13.18,13.89,13.77,6.6,6.54,6.09,77,76,3.08,461.388508,1.361333333,0.641,7.65,2,N,1,1,,
TW-7-98-8,13.57,13.7,13.74,6.32,6.5,5.84,47,48,2,495.1964091,1.367,0.622,4.75,2,N,1,1,,
TW-8-439-1,13,12.88,12.97,5.82,6.04,6.34,124,128,4.47,451.5616761,1.295,0.6066666667,12.6,3,N,1,1,Bad; rings badly curved from about 1 to 45. Flat line near end; Drop first 10mm,
TW-8-439-2,12.96,12.87,12.87,5.65,5.78,5.68,87,86,2.79,438.3990766,1.29,0.5703333333,8.65,3,N,1,1,"Drop first 3mm; All these, wrong start year in datafiles",
TW-8-439-3,12.94,13,13.18,5.32,5.64,5.79,83,82,2.37,394.5692619,1.304,0.5583333333,8.25,3,N,1,1,"All these, wrong start year in datafiles",
TW-8-439-4,12.92,12.62,12.9,5.54,5.88,5.94,78,78,2.35,406.3335376,1.281333333,0.5786666667,7.8,3,N,1,1,"Drop first 3mm; All these, wrong start year in datafiles",
TW-8-439-4.5,12.93,13.06,12.98,5.65,5.63,5.74,96,94,3.03,432.7843733,1.299,0.5673333333,9.5,3,N,1,1,"All these, wrong start year in datafiles",
TW-8-439-5,12.92,12.85,12.84,5.78,5.85,5.62,57,57,1.74,412.503845,1.287,0.575,5.7,3,N,1,1,"All these, wrong start year in datafiles",
TW-8-576-1,12.71,12.86,12.68,5.37,5.75,5.59,87,84,3.01,495.7183562,1.275,0.557,8.55,3,N,1,,Numbers cut off- think this is right,
TW-8-576-2,12.9,12.88,12.97,5.41,5.63,5.77,88,87,2.74,432.6588573,1.291666667,0.5603333333,8.75,3,N,1,,Numbers cut off- think this is right,
TW-8-576-3,12.86,12.89,12.84,5.59,5.42,5.33,86,86,2.42,401.6359632,1.286333333,0.5446666667,8.6,3,N,1,,Numbers cut off- think this is right,
TW-8-576-4,12.75,12.88,12.78,5.66,5.47,5.63,82,83,2.46,416.8745155,1.280333333,0.5586666667,8.25,3,N,1,,Numbers cut off- think this is right,
TW-8-576-4.5,12.83,12.9,12.84,5.69,5.8,5.53,77,75,2.45,441.9628922,1.285666667,0.5673333333,7.6,3,N,1,,Numbers cut off- think this is right,
TW-8-576-5,12.79,12.73,12.75,5.34,5.48,5.37,68,68,1.91,408.0013997,1.275666667,0.5396666667,6.8,3,N,1,,Numbers cut off- think this is right,
TW-8-576-6,12.73,12.45,12.68,5.5,5.4,5.48,55,54,1.74,463.3410179,1.262,0.546,5.45,3,N,1,,Numbers cut off- think this is right,
TW-8-657-1,13.03,13.12,13.09,5.09,5.69,6.17,144,144,4.57,429.4350777,1.308,0.565,14.4,3,N,1,,remove rings 2 and 3,
TW-8-657-2,13.1,13.05,13.14,5.71,5.83,5.72,126,125,3.91,413.4782989,1.309666667,0.5753333333,12.55,3,N,1,,remove rings 2 and 3,
TW-8-657-3,13.21,13.07,13.01,6.04,5.59,5.55,96,96,2.78,386.1098527,1.309666667,0.5726666667,9.6,3,N,1,,RC,
TW-8-657-4,12.79,12.84,12.92,5.94,5.72,5.54,102,102,2.74,364.6196511,1.285,0.5733333333,10.2,3,N,1,,RC,
TW-8-657-4.5,13.06,13.12,13.14,5.8,6.06,5.76,131,133,4.87,479.2676617,1.310666667,0.5873333333,13.2,3,N,1,,"RC, bad rings 1937",
TW-8-657-5,13,12.97,12.94,5.7,5.75,5.55,76,74,2.02,366.4565286,1.297,0.5666666667,7.5,3,N,1,,Rc,
TW-8-657-6,12.91,12.69,12.88,5.73,5.78,5.72,64,64,1.76,373.2973118,1.282666667,0.5743333333,6.4,3,N,1,,RC,
TW-9-103-1,12.13,11.92,12.04,5.27,5.37,5.28,133,130,4.4,524.1305663,1.203,0.5306666667,13.15,2,N,1,1,"Drop ring 6; Ring 83/84: Wedge, missing ring. Bad sample, curved",
TW-9-103-2,12,12.05,12.38,5.35,5.36,5.31,111,110,3.43,478.6881411,1.214333333,0.534,11.05,2,N,1,1,,
TW-9-103-3,12.31,12.38,12.4,5.33,5.31,5.32,114,114,3.52,469.4513597,1.236333333,0.532,11.4,2,N,1,1,First two rings might be one (total minus one),
TW-9-103-4,12.51,12.42,12.49,5.27,5.34,5.58,114,112,3.41,448.2990443,1.247333333,0.5396666667,11.3,2,N,1,1,Drop first 4 mil,
TW-9-103-4.5,12.38,12.19,12.19,5.35,5.29,5.32,142,141,5.01,543.1445245,1.225333333,0.532,14.15,2,N,1,1,Drop first 2 mil; 96 mil is sketchy,
TW-9-103-5,12.33,12.45,12.5,5.5,5.31,5.29,115,115,3.35,436.805096,1.242666667,0.5366666667,11.5,2,N,1,1,,
TW-9-103-6,12.41,12.37,12.44,5.37,5.3,5.13,82,81,2.68,503.2528453,1.240666667,0.5266666667,8.15,2,N,1,1,,
TW-9-103-7,12.64,12.59,12.51,5.22,5.2,5.33,57,56,1.6,428.7771076,1.258,0.525,5.65,2,N,1,1,,
TW-9-288-1,12.61,12.69,12.72,5.48,5.17,5.31,136,137,4.61,500.917015,1.267333333,0.532,13.65,2,N,1,1,RC,
TW-9-288-2,12.73,12.67,12.55,5.36,5.51,5.45,109,105,3.09,419.6481149,1.265,0.544,10.7,2,N,1,1,RC,
TW-9-288-3,12.85,12.69,12.49,5.36,5.44,5.58,103,100,3.05,434.1462796,1.267666667,0.546,10.15,2,N,1,1,RC,
TW-9-288-4,13.01,12.78,12.74,5.54,5.56,5.44,95,95,2.77,411.7789662,1.284333333,0.5513333333,9.5,2,N,1,1,RC,
TW-9-288-4.5,12.41,12.78,12.76,5.54,5.59,5.51,126,128,4.03,452.2501634,1.265,0.5546666667,12.7,2,N,1,1,RC,
TW-9-288-5,12.72,12.59,12.65,5.18,5.24,4.97,98,97,2.43,383.9541303,1.265333333,0.513,9.75,2,N,1,1,RC,
TW-9-288-6,12.83,12.69,12.85,5.44,5.41,5.39,88,87,2.41,397.8081486,1.279,0.5413333333,8.75,2,N,1,1,RC,
TW-9-288-7,12.72,12.61,12.74,5.52,5.43,5.61,59,61,1.73,411.6178055,1.269,0.552,6,2,N,1,1,RC,
TW-9-288-8,12.6,12.57,12.53,5.4,5.37,5.21,46,45,1.35,443.2479708,1.256666667,0.5326666667,4.55,2,N,1,1,RC,
TW-9-317-1,12.8,12.78,12.18,5.57,5.41,5.53,170,171,5.24,443.6805128,1.258666667,0.5503333333,17.05,2,N,1,,,
TW-9-317-2,12.89,12.68,12.83,5.24,5.36,5.55,125,124,3.59,418.4695438,1.28,0.5383333333,12.45,2,N,1,,,
TW-9-317-3,12.54,12.6,12.64,5.66,5.38,5.27,114,115,3.3,420.9543949,1.259333333,0.5436666667,11.45,2,N,1,,,
TW-9-317-4,12.86,12.83,12.73,5.26,5.51,5.5,124,124,3.88,450.5133205,1.280666667,0.5423333333,12.4,2,N,1,,,
TW-9-317-4.5,12.7,12.74,12.78,5.45,5.48,5.4,130,129,3.86,429.8165939,1.274,0.5443333333,12.95,2,N,1,,,
TW-9-317-5,12.82,12.72,12.86,5.52,5.43,5.62,93,93,2.64,401.5223782,1.28,0.5523333333,9.3,2,N,1,,,
TW-9-317-6,12.71,12.8,12.78,4.85,5.24,5.52,77,76,2.15,423.1859737,1.276333333,0.5203333333,7.65,2,N,1,,,
TW-9-317-7,12.77,12.81,12.81,5.31,5.34,5.43,51,51,1.52,434.5219949,1.279666667,0.536,5.1,2,N,1,,,
,,,,,,,,,,,,,,,,414,272,,